Latitude,Longitude,Company
"30° 01' 45.90"" S","51° 13' 56.00"" W",Mobile-1
"30° 02' 12.25"" S","51° 13' 56.06"" W",Mobile-1
"29° 58' 26.07"" S","51° 10' 33.59"" W",Mobile-1
"30° 01' 46.70"" S","51° 13' 31.80"" W",Mobile-1
"29° 59' 23.00"" S","51° 10' 34.00"" W",Mobile-1
"30° 04' 35.89"" S","51° 07' 45.77"" W",Mobile-1
"30° 02' 23.13"" S","51° 09' 46.96"" W",Mobile-1
"29° 59' 56.98"" S","51° 11' 23.60"" W",Mobile-1
"30° 00' 51.56"" S","51° 11' 18.50"" W",Mobile-1
"30° 03' 03.56"" S","51° 12' 40.27"" W",Mobile-1
"30° 06' 23.55"" S","51° 14' 31.99"" W",Mobile-1
"30° 05' 23.72"" S","51° 14' 05.55"" W",Mobile-1
"30° 02' 04.07"" S","51° 11' 28.29"" W",Mobile-1
"30° 06' 31.28"" S","51° 10' 17.47"" W",Mobile-1
"30° 00' 38.56"" S","51° 11' 55.01"" W",Mobile-1
"30° 05' 16.02"" S","51° 12' 53.38"" W",Mobile-1
"29° 36' 52.30"" S","50° 55' 30.30"" W",Mobile-1
"28° 46' 36.30"" S","52° 59' 12.10"" W",Mobile-1
"30° 01' 40.11"" S","51° 10' 24.09"" W",Mobile-1
"32° 10' 36.95"" S","52° 09' 08.01"" W",Mobile-1
"30° 04' 00.52"" S","51° 14' 18.11"" W",Mobile-1
"30° 54' 40.60"" S","51° 30' 01.40"" W",Mobile-1
"29° 49' 45.21"" S","52° 35' 46.68"" W",Mobile-1
"30° 03' 39.08"" S","51° 11' 34.25"" W",Mobile-1
"29° 25' 34.79"" S","51° 20' 20.76"" W",Mobile-1
"29° 45' 37.69"" S","51° 05' 45.89"" W",Mobile-1
"29° 32' 44.01"" S","51° 21' 33.72"" W",Mobile-1
"30° 01' 35.69"" S","51° 13' 12.18"" W",Mobile-1
"30° 03' 45.83"" S","51° 09' 42.96"" W",Mobile-1
"28° 34' 02.25"" S","50° 59' 54.56"" W",Mobile-1
"29° 34' 19.92"" S","51° 15' 45.00"" W",Mobile-1
"29° 21' 51.51"" S","50° 51' 45.81"" W",Mobile-1
"31° 52' 11.09"" S","54° 09' 44.42"" W",Mobile-1
"30° 09' 06.98"" S","50° 54' 00.97"" W",Mobile-1
"28° 20' 53.92"" S","52° 29' 32.09"" W",Mobile-1
"29° 41' 21.00"" S","53° 48' 10.40"" W",Mobile-1
"30° 05' 07.64"" S","51° 11' 03.33"" W",Mobile-1
"30° 02' 26.43"" S","51° 13' 08.40"" W",Mobile-1
"30° 01' 23.95"" S","51° 13' 14.05"" W",Mobile-1
"29° 59' 23.54"" S","51° 11' 41.85"" W",Mobile-1
"29° 58' 40.44"" S","51° 10' 03.11"" W",Mobile-1
"30° 05' 33.35"" S","51° 43' 55.07"" W",Mobile-1
"30° 52' 09.70"" S","51° 49' 01.90"" W",Mobile-1
"29° 39' 36.09"" S","50° 45' 56.08"" W",Mobile-1
"30° 02' 12.60"" S","51° 13' 40.00"" W",Mobile-1
"31° 44' 40.99"" S","52° 19' 29.76"" W",Mobile-1
"27° 39' 22.00"" S","54° 45' 58.00"" W",Mobile-1
"29° 53' 42.43"" S","50° 14' 51.14"" W",Mobile-1
"30° 01' 40.20"" S","51° 13' 47.70"" W",Mobile-1
"29° 45' 48.00"" S","51° 08' 34.50"" W",Mobile-1
"29° 38' 31.00"" S","50° 59' 55.00"" W",Mobile-1
"29° 22' 54.00"" S","51° 19' 01.00"" W",Mobile-1
"30° 21' 17.46"" S","51° 25' 25.00"" W",Mobile-1
"27° 53' 30.00"" S","54° 28' 36.00"" W",Mobile-1
"29° 45' 39.40"" S","51° 35' 33.00"" W",Mobile-1
"30° 00' 29.05"" S","50° 09' 56.63"" W",Mobile-1
"30° 00' 34.13"" S","51° 09' 04.32"" W",Mobile-1
"28° 31' 26.20"" S","53° 59' 50.20"" W",Mobile-1
"27° 49' 54.98"" S","54° 03' 22.97"" W",Mobile-1
"30° 01' 43.79"" S","51° 13' 10.09"" W",Mobile-1
"29° 38' 30.30"" S","51° 08' 41.10"" W",Mobile-1
"30° 33' 01.00"" S","52° 31' 53.90"" W",Mobile-1
"30° 05' 59.36"" S","51° 13' 56.11"" W",Mobile-1
"29° 42' 37.44"" S","53° 46' 37.15"" W",Mobile-1
"28° 14' 29.00"" S","53° 46' 10.00"" W",Mobile-1
"30° 59' 16.40"" S","54° 40' 49.70"" W",Mobile-1
"29° 32' 53.77"" S","49° 53' 08.88"" W",Mobile-1
"33° 39' 57.70"" S","53° 15' 55.73"" W",Mobile-1
"29° 40' 47.60"" S","51° 05' 51.70"" W",Mobile-1
"29° 46' 59.00"" S","55° 47' 36.00"" W",Mobile-1
"28° 15' 47.52"" S","54° 15' 24.62"" W",Mobile-1
"29° 59' 45.53"" S","51° 12' 12.89"" W",Mobile-1
"31° 32' 45.00"" S","52° 14' 06.00"" W",Mobile-1
"28° 17' 59.00"" S","50° 48' 09.00"" W",Mobile-1
"29° 07' 08.00"" S","56° 33' 21.00"" W",Mobile-1
"29° 38' 36.90"" S","50° 50' 52.10"" W",Mobile-1
"29° 43' 58.50"" S","51° 10' 33.08"" W",Mobile-1
"29° 14' 10.85"" S","51° 19' 32.11"" W",Mobile-1
"30° 52' 24.00"" S","52° 16' 05.00"" W",Mobile-1
"29° 12' 34.80"" S","51° 11' 45.35"" W",Mobile-1
"29° 37' 54.30"" S","50° 58' 20.80"" W",Mobile-1
"30° 02' 01.07"" S","51° 12' 23.29"" W",Mobile-1
"29° 27' 09.48"" S","51° 58' 05.30"" W",Mobile-1
"27° 21' 45.00"" S","53° 10' 49.00"" W",Mobile-1
"29° 54' 35.99"" S","51° 04' 53.01"" W",Mobile-1
"29° 58' 38.50"" S","51° 06' 48.28"" W",Mobile-1
"29° 09' 54.51"" S","51° 10' 23.42"" W",Mobile-1
"29° 47' 38.20"" S","55° 45' 39.90"" W",Mobile-1
"29° 06' 51.31"" S","51° 05' 16.77"" W",Mobile-1
"29° 03' 18.97"" S","51° 33' 52.99"" W",Mobile-1
"29° 45' 10.33"" S","52° 24' 41.67"" W",Mobile-1
"28° 51' 41.00"" S","51° 17' 28.00"" W",Mobile-1
"32° 14' 14.00"" S","53° 05' 11.00"" W",Mobile-1
"29° 24' 06.00"" S","51° 56' 30.00"" W",Mobile-1
"29° 05' 15.00"" S","50° 52' 05.00"" W",Mobile-1
"31° 26' 34.74"" S","52° 25' 19.61"" W",Mobile-1
"31° 37' 09.85"" S","53° 15' 27.57"" W",Mobile-1
"29° 39' 50.80"" S","51° 03' 24.90"" W",Mobile-1
"30° 01' 13.26"" S","51° 12' 58.25"" W",Mobile-1
"29° 21' 02.52"" S","50° 10' 32.16"" W",Mobile-1
"29° 38' 05.00"" S","50° 57' 06.00"" W",Mobile-1
"30° 00' 42.37"" S","51° 09' 32.36"" W",Mobile-1
"30° 58' 12.20"" S","54° 40' 47.60"" W",Mobile-1
"31° 43' 04.44"" S","52° 18' 30.64"" W",Mobile-1
"30° 53' 37.50"" S","55° 29' 43.00"" W",Mobile-1
"30° 03' 06.26"" S","51° 10' 52.32"" W",Mobile-1
"30° 01' 32.00"" S","51° 10' 55.00"" W",Mobile-1
"29° 05' 17.79"" S","53° 48' 55.87"" W",Mobile-1
"33° 16' 01.21"" S","53° 06' 33.87"" W",Mobile-1
"29° 38' 40.00"" S","49° 57' 01.00"" W",Mobile-1
"31° 20' 13.46"" S","54° 05' 33.00"" W",Mobile-1
"28° 52' 21.22"" S","52° 10' 36.89"" W",Mobile-1
"30° 41' 07.84"" S","51° 24' 45.68"" W",Mobile-1
"29° 32' 37.00"" S","49° 53' 24.18"" W",Mobile-1
"28° 23' 07.44"" S","53° 53' 35.16"" W",Mobile-1
"30° 04' 23.52"" S","51° 11' 41.03"" W",Mobile-1
"29° 43' 07.50"" S","51° 09' 34.00"" W",Mobile-1
"29° 52' 42.10"" S","51° 16' 51.60"" W",Mobile-1
"27° 15' 05.00"" S","53° 02' 02.00"" W",Mobile-1
"27° 23' 43.20"" S","52° 19' 17.00"" W",Mobile-1
"29° 46' 25.47"" S","50° 01' 31.98"" W",Mobile-1
"27° 38' 00.50"" S","52° 14' 23.30"" W",Mobile-1
"30° 04' 47.76"" S","51° 43' 44.01"" W",Mobile-1
"30° 02' 54.53"" S","51° 13' 15.06"" W",Mobile-1
"29° 20' 02.00"" S","53° 05' 48.00"" W",Mobile-1
"29° 46' 45.85"" S","50° 01' 48.46"" W",Mobile-1
"29° 52' 00.00"" S","50° 04' 32.00"" W",Mobile-1
"29° 52' 04.09"" S","50° 04' 16.61"" W",Mobile-1
"28° 58' 44.00"" S","52° 00' 51.00"" W",Mobile-1
"29° 54' 34.40"" S","50° 05' 39.50"" W",Mobile-1
"29° 38' 34.80"" S","53° 15' 00.89"" W",Mobile-1
"28° 44' 53.99"" S","50° 03' 28.22"" W",Mobile-1
"29° 59' 43.51"" S","51° 04' 32.01"" W",Mobile-1
"30° 08' 54.17"" S","51° 13' 16.86"" W",Mobile-1
"30° 01' 16.72"" S","51° 09' 48.10"" W",Mobile-1
"29° 34' 37.53"" S","52° 17' 21.85"" W",Mobile-1
"29° 45' 08.60"" S","50° 01' 19.70"" W",Mobile-1
"28° 15' 20.10"" S","52° 24' 01.40"" W",Mobile-1
"29° 59' 33.97"" S","51° 13' 03.97"" W",Mobile-1
"29° 39' 08.00"" S","50° 34' 26.00"" W",Mobile-1
"29° 26' 52.00"" S","51° 48' 19.00"" W",Mobile-1
"30° 40' 26.20"" S","51° 23' 54.40"" W",Mobile-1
"29° 49' 50.00"" S","50° 31' 14.00"" W",Mobile-1
"30° 51' 10.00"" S","51° 48' 55.00"" W",Mobile-1
"29° 00' 54.00"" S","52° 05' 14.00"" W",Mobile-1
"30° 02' 24.75"" S","52° 53' 58.93"" W",Mobile-1
"32° 34' 22.00"" S","53° 22' 48.00"" W",Mobile-1
"31° 46' 00.90"" S","52° 20' 27.50"" W",Mobile-1
"31° 19' 50.00"" S","54° 06' 20.00"" W",Mobile-1
"31° 23' 46.00"" S","52° 40' 41.00"" W",Mobile-1
"27° 57' 12.00"" S","51° 47' 30.00"" W",Mobile-1
"28° 27' 01.00"" S","52° 12' 00.00"" W",Mobile-1
"28° 51' 27.00"" S","51° 16' 53.00"" W",Mobile-1
"29° 26' 40.00"" S","50° 34' 52.00"" W",Mobile-1
"28° 47' 06.00"" S","51° 36' 36.00"" W",Mobile-1
"29° 10' 10.30"" S","51° 09' 47.60"" W",Mobile-1
"28° 19' 18.00"" S","52° 47' 48.00"" W",Mobile-1
"29° 22' 41.00"" S","50° 52' 29.00"" W",Mobile-1
"28° 39' 54.00"" S","56° 00' 36.00"" W",Mobile-1
"28° 01' 45.00"" S","54° 21' 08.00"" W",Mobile-1
"28° 17' 40.00"" S","53° 29' 44.00"" W",Mobile-1
"30° 15' 05.00"" S","54° 55' 32.00"" W",Mobile-1
"28° 23' 28.00"" S","53° 55' 04.00"" W",Mobile-1
"27° 52' 05.00"" S","54° 28' 30.00"" W",Mobile-1
"30° 01' 19.56"" S","51° 09' 00.72"" W",Mobile-1
"30° 29' 02.70"" S","50° 29' 30.20"" W",Mobile-1
"30° 08' 16.50"" S","51° 19' 16.91"" W",Mobile-1
"30° 01' 22.90"" S","51° 04' 52.90"" W",Mobile-1
"27° 51' 27.00"" S","53° 00' 55.00"" W",Mobile-1
"28° 44' 56.85"" S","51° 40' 59.42"" W",Mobile-1
"30° 23' 29.58"" S","51° 44' 33.87"" W",Mobile-1
"29° 41' 41.20"" S","51° 05' 26.50"" W",Mobile-1
"31° 18' 57.00"" S","54° 05' 23.09"" W",Mobile-1
"29° 46' 07.79"" S","51° 08' 46.28"" W",Mobile-1
"30° 08' 10.82"" S","51° 13' 13.73"" W",Mobile-1
"30° 00' 36.97"" S","51° 07' 55.56"" W",Mobile-1
"30° 02' 09.92"" S","51° 11' 25.37"" W",Mobile-1
"29° 59' 18.00"" S","51° 18' 29.30"" W",Mobile-1
"27° 37' 09.00"" S","52° 23' 02.00"" W",Mobile-1
"33° 44' 16.54"" S","53° 22' 21.25"" W",Mobile-1
"28° 15' 40.80"" S","52° 24' 38.40"" W",Mobile-1
"30° 07' 29.74"" S","51° 20' 02.46"" W",Mobile-1
"28° 18' 13.20"" S","52° 48' 40.10"" W",Mobile-1
"27° 51' 39.02"" S","54° 26' 05.94"" W",Mobile-1
"29° 05' 17.00"" S","52° 35' 06.00"" W",Mobile-1
"30° 03' 13.57"" S","51° 11' 21.91"" W",Mobile-1
"30° 03' 10.84"" S","51° 10' 18.44"" W",Mobile-1
"27° 11' 14.90"" S","53° 43' 00.60"" W",Mobile-1
"29° 47' 29.58"" S","57° 05' 36.82"" W",Mobile-1
"29° 52' 17.90"" S","51° 15' 11.50"" W",Mobile-1
"30° 00' 35.86"" S","51° 08' 37.39"" W",Mobile-1
"29° 59' 23.85"" S","50° 07' 39.44"" W",Mobile-1
"30° 02' 24.11"" S","51° 11' 12.59"" W",Mobile-1
"29° 11' 34.52"" S","51° 12' 08.54"" W",Mobile-1
"29° 42' 02.01"" S","51° 30' 11.50"" W",Mobile-1
"30° 02' 30.48"" S","51° 12' 37.01"" W",Mobile-1
"30° 08' 52.40"" S","51° 20' 09.00"" W",Mobile-1
"30° 01' 51.06"" S","51° 08' 59.60"" W",Mobile-1
"29° 35' 56.19"" S","51° 10' 20.26"" W",Mobile-1
"29° 56' 53.40"" S","51° 11' 14.70"" W",Mobile-1
"27° 55' 04.10"" S","53° 02' 34.20"" W",Mobile-1
"31° 19' 14.50"" S","54° 06' 31.90"" W",Mobile-1
"31° 20' 08.10"" S","54° 06' 19.90"" W",Mobile-1
"29° 53' 49.80"" S","51° 08' 15.40"" W",Mobile-1
"31° 19' 54.00"" S","54° 04' 44.00"" W",Mobile-1
"29° 36' 52.30"" S","52° 10' 19.40"" W",Mobile-1
"29° 09' 58.00"" S","51° 30' 49.00"" W",Mobile-1
"30° 03' 10.69"" S","51° 12' 04.25"" W",Mobile-1
"27° 11' 01.32"" S","53° 42' 04.44"" W",Mobile-1
"29° 10' 28.20"" S","51° 30' 36.20"" W",Mobile-1
"30° 02' 35.81"" S","51° 11' 41.50"" W",Mobile-1
"29° 40' 33.50"" S","51° 06' 45.10"" W",Mobile-1
"30° 04' 44.22"" S","51° 14' 21.84"" W",Mobile-1
"29° 45' 50.60"" S","51° 08' 21.50"" W",Mobile-1
"27° 20' 59.10"" S","53° 23' 28.80"" W",Mobile-1
"30° 02' 43.12"" S","51° 12' 50.94"" W",Mobile-1
"31° 22' 39.50"" S","51° 58' 28.46"" W",Mobile-1
"29° 56' 30.70"" S","50° 06' 45.60"" W",Mobile-1
"29° 48' 56.00"" S","51° 26' 29.55"" W",Mobile-1
"29° 40' 08.40"" S","51° 06' 11.22"" W",Mobile-1
"31° 45' 04.28"" S","52° 18' 46.80"" W",Mobile-1
"29° 15' 23.40"" S","51° 32' 47.10"" W",Mobile-1
"29° 52' 49.10"" S","51° 23' 15.00"" W",Mobile-1
"28° 34' 49.50"" S","53° 49' 01.50"" W",Mobile-1
"28° 30' 49.23"" S","50° 57' 15.10"" W",Mobile-1
"30° 03' 43.67"" S","51° 13' 43.08"" W",Mobile-1
"29° 59' 52.98"" S","53° 40' 12.00"" W",Mobile-1
"29° 19' 48.70"" S","49° 44' 39.50"" W",Mobile-1
"30° 59' 10.33"" S","54° 39' 49.10"" W",Mobile-1
"28° 37' 32.97"" S","53° 36' 54.63"" W",Mobile-1
"28° 40' 20.00"" S","50° 26' 20.00"" W",Mobile-1
"29° 13' 44.01"" S","51° 19' 09.42"" W",Mobile-1
"32° 02' 46.50"" S","52° 07' 31.60"" W",Mobile-1
"30° 01' 26.18"" S","51° 12' 00.54"" W",Mobile-1
"29° 46' 26.60"" S","57° 05' 13.40"" W",Mobile-1
"27° 37' 02.00"" S","54° 18' 43.10"" W",Mobile-1
"29° 37' 30.40"" S","50° 51' 03.60"" W",Mobile-1
"30° 02' 09.82"" S","51° 07' 08.40"" W",Mobile-1
"30° 17' 50.35"" S","51° 19' 03.39"" W",Mobile-1
"28° 16' 11.40"" S","52° 25' 36.40"" W",Mobile-1
"28° 17' 36.32"" S","52° 44' 25.35"" W",Mobile-1
"28° 43' 32.10"" S","54° 55' 22.60"" W",Mobile-1
"29° 29' 15.00"" S","51° 57' 01.20"" W",Mobile-1
"30° 05' 32.78"" S","51° 07' 43.68"" W",Mobile-1
"29° 56' 46.15"" S","50° 07' 00.80"" W",Mobile-1
"27° 33' 09.60"" S","53° 51' 51.70"" W",Mobile-1
"29° 08' 16.20"" S","51° 11' 33.90"" W",Mobile-1
"29° 10' 37.49"" S","51° 09' 31.23"" W",Mobile-1
"29° 37' 58.25"" S","50° 49' 01.10"" W",Mobile-1
"31° 42' 17.00"" S","52° 19' 55.00"" W",Mobile-1
"31° 18' 34.40"" S","54° 07' 17.50"" W",Mobile-1
"29° 29' 18.00"" S","51° 21' 18.00"" W",Mobile-1
"28° 38' 03.00"" S","56° 01' 25.96"" W",Mobile-1
"29° 48' 25.37"" S","51° 08' 23.86"" W",Mobile-1
"29° 41' 56.20"" S","51° 13' 25.40"" W",Mobile-1
"31° 44' 04.55"" S","52° 12' 56.48"" W",Mobile-1
"28° 52' 30.00"" S","52° 25' 34.00"" W",Mobile-1
"29° 17' 42.00"" S","52° 25' 30.50"" W",Mobile-1
"30° 12' 44.00"" S","57° 33' 08.00"" W",Mobile-1
"29° 22' 32.09"" S","51° 30' 00.81"" W",Mobile-1
"27° 40' 31.00"" S","51° 27' 20.00"" W",Mobile-1
"28° 18' 00.80"" S","51° 27' 44.50"" W",Mobile-1
"29° 09' 14.00"" S","51° 30' 24.00"" W",Mobile-1
"30° 01' 46.96"" S","51° 11' 14.10"" W",Mobile-1
"29° 36' 08.84"" S","51° 56' 19.63"" W",Mobile-1
"30° 17' 40.00"" S","51° 18' 08.00"" W",Mobile-1
"29° 52' 07.72"" S","51° 42' 37.51"" W",Mobile-1
"30° 05' 17.80"" S","51° 19' 28.12"" W",Mobile-1
"29° 32' 46.93"" S","51° 35' 25.51"" W",Mobile-1
"29° 35' 23.00"" S","51° 55' 42.04"" W",Mobile-1
"30° 01' 46.63"" S","51° 14' 00.13"" W",Mobile-1
"29° 40' 21.75"" S","51° 10' 00.30"" W",Mobile-1
"29° 07' 34.30"" S","51° 10' 57.70"" W",Mobile-1
"30° 01' 35.40"" S","51° 13' 38.90"" W",Mobile-1
"29° 39' 15.40"" S","51° 00' 16.30"" W",Mobile-1
"29° 55' 49.50"" S","51° 01' 58.44"" W",Mobile-1
"29° 06' 05.00"" S","51° 32' 45.00"" W",Mobile-1
"30° 03' 52.06"" S","51° 12' 40.72"" W",Mobile-1
"29° 52' 57.40"" S","51° 05' 13.02"" W",Mobile-1
"30° 03' 24.41"" S","51° 13' 21.65"" W",Mobile-1
"28° 39' 25.83"" S","55° 59' 50.81"" W",Mobile-1
"29° 16' 39.18"" S","51° 29' 47.69"" W",Mobile-1
"29° 58' 28.14"" S","51° 10' 36.22"" W",Mobile-1
"30° 00' 26.68"" S","51° 10' 48.43"" W",Mobile-1
"30° 07' 04.50"" S","51° 57' 47.80"" W",Mobile-1
"31° 24' 29.39"" S","52° 40' 09.17"" W",Mobile-1
"29° 46' 53.30"" S","51° 51' 14.30"" W",Mobile-1
"31° 37' 49.95"" S","51° 25' 16.18"" W",Mobile-1
"28° 14' 54.01"" S","52° 15' 55.67"" W",Mobile-1
"30° 01' 28.02"" S","51° 11' 26.20"" W",Mobile-1
"27° 39' 49.80"" S","54° 06' 26.70"" W",Mobile-1
"28° 14' 30.67"" S","52° 25' 40.09"" W",Mobile-1
"30° 01' 50.23"" S","51° 13' 35.98"" W",Mobile-1
"28° 33' 52.93"" S","53° 43' 25.81"" W",Mobile-1
"29° 20' 57.00"" S","51° 41' 16.00"" W",Mobile-1
"27° 41' 44.00"" S","53° 18' 41.00"" W",Mobile-1
"29° 41' 50.05"" S","51° 07' 27.95"" W",Mobile-1
"30° 00' 02.12"" S","51° 11' 55.28"" W",Mobile-1
"28° 39' 00.01"" S","56° 00' 20.40"" W",Mobile-1
"28° 21' 50.15"" S","53° 46' 39.47"" W",Mobile-1
"29° 41' 24.00"" S","53° 49' 09.00"" W",Mobile-1
"30° 01' 44.80"" S","51° 10' 53.80"" W",Mobile-1
"30° 00' 59.72"" S","51° 11' 43.15"" W",Mobile-1
"30° 01' 41.00"" S","51° 12' 14.00"" W",Mobile-1
"29° 10' 28.00"" S","51° 13' 08.00"" W",Mobile-1
"29° 42' 10.00"" S","53° 48' 43.10"" W",Mobile-1
"29° 30' 42.30"" S","51° 48' 37.70"" W",Mobile-1
"31° 32' 16.27"" S","53° 42' 43.70"" W",Mobile-1
"29° 41' 54.10"" S","53° 49' 54.10"" W",Mobile-1
"29° 10' 28.30"" S","54° 52' 12.69"" W",Mobile-1
"32° 47' 50.57"" S","52° 40' 31.37"" W",Mobile-1
"30° 02' 05.92"" S","51° 11' 22.38"" W",Mobile-1
"29° 54' 56.72"" S","51° 10' 46.79"" W",Mobile-1
"30° 01' 51.00"" S","51° 13' 36.00"" W",Mobile-1
"29° 42' 34.00"" S","51° 49' 03.00"" W",Mobile-1
"29° 52' 15.40"" S","54° 49' 51.90"" W",Mobile-1
"30° 03' 53.21"" S","51° 11' 08.70"" W",Mobile-1
"32° 10' 43.97"" S","52° 09' 40.00"" W",Mobile-1
"29° 43' 04.60"" S","52° 25' 31.40"" W",Mobile-1
"29° 53' 03.00"" S","55° 35' 38.00"" W",Mobile-1
"29° 09' 54.97"" S","51° 09' 47.99"" W",Mobile-1
"28° 22' 46.99"" S","54° 04' 31.98"" W",Mobile-1
"29° 55' 23.23"" S","51° 00' 42.80"" W",Mobile-1
"28° 53' 23.60"" S","53° 00' 16.10"" W",Mobile-1
"29° 42' 00.20"" S","53° 43' 15.70"" W",Mobile-1
"29° 59' 52.91"" S","51° 08' 49.60"" W",Mobile-1
"29° 40' 16.00"" S","51° 03' 03.00"" W",Mobile-1
"29° 40' 47.30"" S","51° 03' 35.80"" W",Mobile-1
"28° 07' 57.97"" S","51° 23' 19.00"" W",Mobile-1
"30° 13' 40.98"" S","54° 40' 22.98"" W",Mobile-1
"30° 01' 14.56"" S","51° 11' 13.38"" W",Mobile-1
"30° 47' 24.00"" S","53° 36' 49.00"" W",Mobile-1
"30° 02' 22.00"" S","52° 54' 20.00"" W",Mobile-1
"31° 36' 49.79"" S","52° 30' 09.07"" W",Mobile-1
"29° 56' 31.00"" S","52° 56' 59.00"" W",Mobile-1
"31° 04' 14.70"" S","53° 34' 01.20"" W",Mobile-1
"31° 32' 46.00"" S","53° 42' 55.98"" W",Mobile-1
"29° 45' 49.97"" S","57° 04' 09.98"" W",Mobile-1
"30° 10' 36.00"" S","50° 12' 22.00"" W",Mobile-1
"30° 11' 29.00"" S","50° 12' 45.00"" W",Mobile-1
"30° 15' 55.98"" S","52° 51' 29.99"" W",Mobile-1
"29° 42' 15.20"" S","53° 42' 49.10"" W",Mobile-1
"29° 10' 28.79"" S","51° 23' 56.15"" W",Mobile-1
"29° 41' 37.00"" S","50° 08' 01.97"" W",Mobile-1
"30° 02' 02.91"" S","51° 11' 27.21"" W",Mobile-1
"28° 48' 16.00"" S","51° 05' 42.00"" W",Mobile-1
"30° 52' 27.72"" S","55° 32' 03.86"" W",Mobile-1
"29° 48' 22.90"" S","51° 07' 44.60"" W",Mobile-1
"30° 01' 31.28"" S","51° 11' 50.99"" W",Mobile-1
"30° 10' 51.00"" S","55° 06' 08.00"" W",Mobile-1
"29° 21' 43.00"" S","50° 48' 44.00"" W",Mobile-1
"29° 54' 20.81"" S","51° 13' 28.01"" W",Mobile-1
"28° 34' 59.99"" S","55° 37' 25.97"" W",Mobile-1
"27° 45' 53.60"" S","52° 00' 17.40"" W",Mobile-1
"29° 53' 03.54"" S","50° 15' 52.36"" W",Mobile-1
"30° 09' 41.69"" S","50° 12' 09.47"" W",Mobile-1
"30° 01' 35.00"" S","51° 12' 13.25"" W",Mobile-1
"30° 10' 30.00"" S","52° 15' 27.00"" W",Mobile-1
"29° 59' 51.04"" S","51° 06' 53.71"" W",Mobile-1
"29° 41' 57.00"" S","51° 19' 21.00"" W",Mobile-1
"30° 34' 48.00"" S","51° 44' 39.00"" W",Mobile-1
"31° 23' 16.00"" S","52° 40' 60.00"" W",Mobile-1
"27° 56' 57.40"" S","52° 00' 53.00"" W",Mobile-1
"29° 08' 53.20"" S","56° 33' 03.70"" W",Mobile-1
"30° 00' 45.36"" S","51° 09' 58.82"" W",Mobile-1
"29° 57' 00.60"" S","51° 06' 00.00"" W",Mobile-1
"27° 55' 22.00"" S","53° 56' 22.00"" W",Mobile-1
"33° 41' 24.50"" S","53° 27' 19.70"" W",Mobile-1
"30° 43' 26.85"" S","52° 00' 31.34"" W",Mobile-1
"29° 08' 00.70"" S","56° 32' 38.10"" W",Mobile-1
"30° 07' 49.62"" S","51° 14' 34.62"" W",Mobile-1
"30° 59' 39.98"" S","52° 03' 02.99"" W",Mobile-1
"28° 17' 25.00"" S","52° 47' 46.00"" W",Mobile-1
"27° 50' 16.98"" S","53° 46' 46.02"" W",Mobile-1
"28° 20' 48.98"" S","51° 52' 03.97"" W",Mobile-1
"30° 02' 19.97"" S","51° 12' 49.00"" W",Mobile-1
"29° 52' 28.10"" S","51° 11' 24.00"" W",Mobile-1
"29° 59' 01.97"" S","51° 11' 28.00"" W",Mobile-1
"29° 10' 06.80"" S","51° 10' 58.00"" W",Mobile-1
"29° 17' 51.00"" S","51° 29' 54.00"" W",Mobile-1
"31° 45' 26.39"" S","52° 30' 13.39"" W",Mobile-1
"31° 42' 40.79"" S","52° 20' 53.38"" W",Mobile-1
"30° 01' 46.69"" S","51° 12' 55.91"" W",Mobile-1
"31° 40' 40.08"" S","54° 04' 32.88"" W",Mobile-1
"30° 01' 05.99"" S","51° 15' 19.98"" W",Mobile-1
"28° 09' 01.98"" S","54° 44' 43.98"" W",Mobile-1
"32° 14' 15.70"" S","53° 04' 46.00"" W",Mobile-1
"29° 03' 00.00"" S","50° 08' 12.00"" W",Mobile-1
"32° 04' 31.98"" S","52° 55' 43.00"" W",Mobile-1
"29° 50' 03.25"" S","51° 08' 23.91"" W",Mobile-1
"30° 02' 45.96"" S","51° 12' 11.12"" W",Mobile-1
"31° 30' 20.90"" S","52° 36' 54.54"" W",Mobile-1
"29° 44' 28.80"" S","51° 09' 41.80"" W",Mobile-1
"30° 50' 27.00"" S","51° 49' 19.00"" W",Mobile-1
"30° 01' 44.90"" S","51° 11' 27.49"" W",Mobile-1
"27° 40' 39.00"" S","53° 48' 06.00"" W",Mobile-1
"32° 02' 22.50"" S","52° 06' 24.09"" W",Mobile-1
"29° 40' 04.00"" S","52° 47' 09.00"" W",Mobile-1
"31° 23' 49.99"" S","52° 41' 17.99"" W",Mobile-1
"31° 04' 17.98"" S","52° 59' 35.99"" W",Mobile-1
"27° 43' 04.00"" S","53° 42' 12.90"" W",Mobile-1
"30° 07' 36.90"" S","51° 21' 08.87"" W",Mobile-1
"28° 24' 44.60"" S","54° 56' 36.70"" W",Mobile-1
"31° 14' 55.00"" S","52° 00' 45.97"" W",Mobile-1
"30° 00' 06.48"" S","51° 08' 07.66"" W",Mobile-1
"30° 12' 58.80"" S","50° 13' 11.35"" W",Mobile-1
"28° 59' 50.30"" S","51° 41' 53.10"" W",Mobile-1
"30° 21' 57.00"" S","53° 39' 55.00"" W",Mobile-1
"29° 26' 07.98"" S","52° 00' 32.98"" W",Mobile-1
"28° 10' 00.98"" S","52° 18' 36.97"" W",Mobile-1
"31° 43' 54.30"" S","52° 38' 27.70"" W",Mobile-1
"29° 54' 20.40"" S","51° 11' 50.90"" W",Mobile-1
"30° 01' 00.00"" S","51° 12' 00.00"" W",Mobile-1
"28° 03' 40.80"" S","53° 03' 58.90"" W",Mobile-1
"29° 46' 38.60"" S","51° 07' 03.20"" W",Mobile-1
"29° 55' 46.00"" S","54° 20' 07.00"" W",Mobile-1
"29° 15' 34.40"" S","51° 59' 27.00"" W",Mobile-1
"30° 49' 29.60"" S","55° 20' 59.50"" W",Mobile-1
"27° 59' 37.00"" S","54° 50' 12.00"" W",Mobile-1
"29° 41' 09.40"" S","49° 58' 38.20"" W",Mobile-1
"30° 05' 34.30"" S","50° 43' 48.60"" W",Mobile-1
"29° 43' 07.00"" S","51° 17' 12.00"" W",Mobile-1
"31° 57' 43.00"" S","52° 45' 25.00"" W",Mobile-1
"30° 30' 56.50"" S","53° 28' 53.70"" W",Mobile-1
"30° 19' 26.00"" S","52° 21' 48.00"" W",Mobile-1
"27° 42' 58.00"" S","52° 37' 02.00"" W",Mobile-1
"29° 50' 18.40"" S","51° 09' 00.70"" W",Mobile-1
"30° 51' 00.00"" S","51° 48' 51.00"" W",Mobile-1
"27° 45' 50.00"" S","51° 40' 21.00"" W",Mobile-1
"29° 52' 22.99"" S","54° 49' 31.03"" W",Mobile-1
"29° 57' 23.00"" S","51° 37' 27.40"" W",Mobile-1
"29° 46' 22.00"" S","50° 26' 49.00"" W",Mobile-1
"29° 40' 20.28"" S","52° 55' 16.07"" W",Mobile-1
"30° 02' 43.04"" S","51° 11' 10.14"" W",Mobile-1
"30° 03' 43.09"" S","51° 10' 31.58"" W",Mobile-1
"29° 59' 08.80"" S","51° 08' 47.38"" W",Mobile-1
"30° 03' 08.39"" S","51° 12' 48.88"" W",Mobile-1
"29° 55' 54.50"" S","51° 00' 06.80"" W",Mobile-1
"30° 00' 54.61"" S","51° 06' 26.35"" W",Mobile-1
"28° 08' 51.00"" S","54° 44' 21.00"" W",Mobile-1
"30° 02' 19.00"" S","52° 53' 23.00"" W",Mobile-1
"28° 52' 35.90"" S","50° 58' 28.83"" W",Mobile-1
"28° 55' 13.40"" S","54° 42' 14.60"" W",Mobile-1
"29° 09' 53.78"" S","51° 10' 48.97"" W",Mobile-1
"30° 01' 48.25"" S","51° 12' 06.84"" W",Mobile-1
"28° 32' 56.00"" S","51° 59' 09.00"" W",Mobile-1
"30° 02' 01.54"" S","51° 13' 20.46"" W",Mobile-1
"27° 29' 41.30"" S","54° 06' 39.00"" W",Mobile-1
"29° 09' 57.00"" S","51° 09' 50.00"" W",Mobile-1
"32° 11' 05.82"" S","52° 09' 26.82"" W",Mobile-1
"31° 45' 38.46"" S","52° 20' 51.63"" W",Mobile-1
"30° 01' 52.00"" S","51° 13' 46.99"" W",Mobile-1
"27° 29' 53.99"" S","54° 06' 00.00"" W",Mobile-1
"29° 28' 53.10"" S","51° 59' 02.20"" W",Mobile-1
"30° 02' 20.69"" S","51° 10' 18.91"" W",Mobile-1
"29° 08' 54.45"" S","51° 11' 23.67"" W",Mobile-1
"30° 00' 25.24"" S","51° 11' 31.31"" W",Mobile-1
"30° 04' 29.80"" S","51° 04' 18.92"" W",Mobile-1
"27° 44' 09.00"" S","52° 59' 34.00"" W",Mobile-1
"28° 15' 03.00"" S","54° 00' 46.00"" W",Mobile-1
"29° 41' 46.10"" S","52° 26' 31.12"" W",Mobile-1
"29° 47' 27.80"" S","51° 08' 56.50"" W",Mobile-1
"29° 37' 09.43"" S","49° 56' 42.01"" W",Mobile-1
"29° 37' 28.40"" S","51° 47' 02.40"" W",Mobile-1
"30° 51' 00.97"" S","51° 48' 11.67"" W",Mobile-1
"29° 59' 34.12"" S","51° 07' 37.85"" W",Mobile-1
"30° 00' 56.95"" S","51° 12' 31.61"" W",Mobile-1
"29° 53' 44.00"" S","50° 15' 19.20"" W",Mobile-1
"30° 08' 41.00"" S","50° 30' 40.00"" W",Mobile-1
"30° 00' 11.38"" S","51° 10' 18.59"" W",Mobile-1
"29° 38' 03.34"" S","50° 52' 49.51"" W",Mobile-1
"28° 12' 27.97"" S","53° 29' 13.99"" W",Mobile-1
"28° 17' 24.00"" S","54° 38' 14.00"" W",Mobile-1
"30° 19' 21.00"" S","56° 03' 46.00"" W",Mobile-1
"27° 16' 31.00"" S","53° 25' 47.00"" W",Mobile-1
"27° 56' 51.00"" S","54° 44' 54.00"" W",Mobile-1
"28° 38' 49.20"" S","53° 36' 17.78"" W",Mobile-1
"29° 22' 13.00"" S","50° 58' 29.00"" W",Mobile-1
"29° 58' 00.00"" S","51° 37' 44.52"" W",Mobile-1
"29° 10' 13.98"" S","51° 08' 55.97"" W",Mobile-1
"29° 30' 59.40"" S","51° 59' 12.48"" W",Mobile-1
"28° 17' 19.00"" S","51° 58' 02.00"" W",Mobile-1
"30° 02' 31.92"" S","51° 08' 45.56"" W",Mobile-1
"30° 00' 21.06"" S","51° 12' 28.12"" W",Mobile-1
"30° 01' 16.97"" S","51° 09' 40.97"" W",Mobile-1
"29° 10' 03.70"" S","51° 10' 46.30"" W",Mobile-1
"33° 30' 55.51"" S","53° 21' 27.29"" W",Mobile-1
"29° 58' 50.50"" S","50° 59' 49.10"" W",Mobile-1
"29° 08' 27.90"" S","56° 32' 41.90"" W",Mobile-1
"29° 54' 57.50"" S","51° 11' 15.30"" W",Mobile-1
"30° 01' 60.00"" S","51° 12' 00.00"" W",Mobile-1
"29° 55' 07.66"" S","51° 10' 13.26"" W",Mobile-1
"27° 15' 52.00"" S","53° 51' 37.00"" W",Mobile-1
"29° 41' 16.98"" S","53° 47' 56.98"" W",Mobile-1
"29° 37' 15.78"" S","53° 21' 08.28"" W",Mobile-1
"29° 09' 25.10"" S","51° 08' 23.40"" W",Mobile-1
"29° 36' 55.61"" S","52° 12' 14.14"" W",Mobile-1
"29° 39' 13.10"" S","51° 06' 22.28"" W",Mobile-1
"29° 42' 27.00"" S","54° 12' 34.70"" W",Mobile-1
"29° 10' 44.98"" S","51° 14' 02.98"" W",Mobile-1
"32° 05' 23.00"" S","52° 06' 21.00"" W",Mobile-1
"29° 55' 37.50"" S","51° 05' 55.30"" W",Mobile-1
"29° 56' 06.22"" S","51° 06' 45.94"" W",Mobile-1
"30° 53' 05.20"" S","55° 32' 41.00"" W",Mobile-1
"31° 44' 28.50"" S","52° 20' 33.40"" W",Mobile-1
"30° 02' 25.62"" S","51° 12' 11.12"" W",Mobile-1
"28° 58' 16.00"" S","51° 49' 48.00"" W",Mobile-1
"27° 30' 17.00"" S","54° 21' 55.00"" W",Mobile-1
"30° 11' 24.30"" S","51° 07' 06.80"" W",Mobile-1
"28° 15' 22.00"" S","55° 00' 46.58"" W",Mobile-1
"30° 41' 35.99"" S","52° 06' 45.97"" W",Mobile-1
"30° 03' 14.00"" S","51° 05' 26.16"" W",Mobile-1
"30° 14' 07.30"" S","50° 13' 42.10"" W",Mobile-1
"30° 01' 40.00"" S","51° 12' 14.00"" W",Mobile-1
"30° 59' 03.98"" S","54° 40' 25.00"" W",Mobile-1
"29° 05' 15.40"" S","51° 59' 24.07"" W",Mobile-1
"29° 11' 30.10"" S","51° 14' 13.80"" W",Mobile-1
"29° 35' 02.58"" S","51° 05' 09.60"" W",Mobile-1
"30° 31' 16.00"" S","53° 29' 33.00"" W",Mobile-1
"29° 44' 18.50"" S","51° 08' 36.30"" W",Mobile-1
"30° 19' 59.99"" S","53° 18' 49.00"" W",Mobile-1
"28° 29' 42.20"" S","50° 54' 37.10"" W",Mobile-1
"30° 01' 46.60"" S","51° 14' 01.60"" W",Mobile-1
"28° 17' 45.30"" S","54° 16' 35.90"" W",Mobile-1
"29° 45' 37.00"" S","50° 01' 10.60"" W",Mobile-1
"29° 42' 58.82"" S","52° 25' 55.19"" W",Mobile-1
"29° 36' 31.40"" S","52° 11' 31.40"" W",Mobile-1
"30° 01' 15.53"" S","51° 07' 52.78"" W",Mobile-1
"30° 00' 56.00"" S","51° 10' 06.00"" W",Mobile-1
"32° 03' 46.75"" S","52° 08' 34.90"" W",Mobile-1
"31° 46' 31.54"" S","52° 20' 39.37"" W",Mobile-1
"29° 09' 33.65"" S","51° 31' 15.61"" W",Mobile-1
"27° 38' 20.92"" S","52° 16' 19.26"" W",Mobile-1
"29° 13' 49.10"" S","51° 20' 40.90"" W",Mobile-1
"29° 15' 12.00"" S","51° 31' 12.00"" W",Mobile-1
"28° 15' 49.08"" S","52° 24' 23.26"" W",Mobile-1
"28° 31' 21.00"" S","50° 55' 24.11"" W",Mobile-1
"29° 29' 52.00"" S","51° 10' 50.00"" W",Mobile-1
"28° 17' 56.60"" S","54° 15' 44.50"" W",Mobile-1
"29° 41' 05.00"" S","53° 48' 30.00"" W",Mobile-1
"29° 46' 21.00"" S","57° 03' 26.00"" W",Mobile-1
"28° 28' 23.99"" S","52° 48' 22.97"" W",Mobile-1
"29° 14' 17.23"" S","51° 52' 16.25"" W",Mobile-1
"29° 09' 45.90"" S","51° 11' 30.44"" W",Mobile-1
"29° 46' 36.40"" S","55° 47' 30.70"" W",Mobile-1
"27° 54' 49.97"" S","52° 15' 45.97"" W",Mobile-1
"29° 50' 39.10"" S","51° 09' 45.10"" W",Mobile-1
"28° 22' 27.00"" S","53° 52' 10.90"" W",Mobile-1
"28° 21' 31.97"" S","54° 16' 03.97"" W",Mobile-1
"29° 50' 00.50"" S","51° 10' 37.30"" W",Mobile-1
"29° 51' 05.53"" S","51° 10' 36.35"" W",Mobile-1
"29° 59' 54.00"" S","51° 18' 37.40"" W",Mobile-1
"29° 19' 10.24"" S","50° 41' 15.03"" W",Mobile-1
"30° 04' 09.50"" S","51° 13' 30.00"" W",Mobile-1
"29° 53' 22.65"" S","51° 04' 15.50"" W",Mobile-1
"30° 06' 39.35"" S","51° 15' 13.50"" W",Mobile-1
"29° 58' 04.44"" S","51° 08' 14.96"" W",Mobile-1
"29° 55' 33.00"" S","50° 15' 45.00"" W",Mobile-1
"29° 37' 07.00"" S","50° 49' 32.00"" W",Mobile-1
"28° 03' 42.80"" S","54° 58' 45.00"" W",Mobile-1
"28° 22' 47.11"" S","53° 22' 45.32"" W",Mobile-1
"31° 48' 19.30"" S","52° 30' 43.78"" W",Mobile-1
"30° 09' 37.79"" S","50° 59' 58.19"" W",Mobile-1
"30° 05' 55.93"" S","51° 15' 11.88"" W",Mobile-1
"30° 04' 23.56"" S","51° 13' 33.53"" W",Mobile-1
"28° 43' 36.98"" S","52° 50' 42.00"" W",Mobile-1
"29° 58' 46.99"" S","51° 07' 43.68"" W",Mobile-1
"27° 21' 50.10"" S","53° 59' 27.50"" W",Mobile-1
"27° 51' 14.29"" S","52° 18' 07.20"" W",Mobile-1
"27° 37' 58.98"" S","52° 16' 21.00"" W",Mobile-1
"27° 37' 49.09"" S","52° 17' 05.86"" W",Mobile-1
"30° 07' 35.10"" S","51° 19' 17.60"" W",Mobile-1
"28° 29' 15.97"" S","52° 33' 43.99"" W",Mobile-1
"29° 41' 31.99"" S","52° 25' 05.99"" W",Mobile-1
"27° 32' 04.99"" S","52° 43' 43.97"" W",Mobile-1
"30° 02' 06.35"" S","50° 59' 41.24"" W",Mobile-1
"29° 15' 04.00"" S","51° 30' 58.97"" W",Mobile-1
"30° 32' 42.00"" S","52° 31' 30.00"" W",Mobile-1
"28° 03' 15.98"" S","51° 11' 42.97"" W",Mobile-1
"29° 39' 22.40"" S","51° 10' 55.00"" W",Mobile-1
"29° 51' 29.99"" S","51° 09' 22.97"" W",Mobile-1
"30° 00' 16.13"" S","51° 09' 39.96"" W",Mobile-1
"27° 54' 49.97"" S","52° 15' 45.97"" W",Mobile-1
"30° 00' 40.97"" S","51° 18' 49.97"" W",Mobile-1
"29° 30' 00.97"" S","51° 58' 00.98"" W",Mobile-1
"29° 36' 03.50"" S","56° 06' 17.00"" W",Mobile-1
"29° 13' 49.98"" S","51° 52' 14.99"" W",Mobile-1
"29° 57' 51.46"" S","50° 07' 08.72"" W",Mobile-1
"29° 39' 01.98"" S","51° 10' 19.99"" W",Mobile-1
"27° 25' 09.46"" S","52° 32' 39.81"" W",Mobile-1
"27° 32' 37.97"" S","53° 29' 39.98"" W",Mobile-1
"29° 51' 22.70"" S","51° 11' 10.90"" W",Mobile-1
"28° 28' 42.10"" S","52° 48' 09.50"" W",Mobile-1
"29° 51' 06.40"" S","51° 10' 51.70"" W",Mobile-1
"30° 32' 16.50"" S","52° 31' 00.50"" W",Mobile-1
"30° 33' 29.90"" S","52° 31' 16.80"" W",Mobile-1
"30° 22' 14.00"" S","50° 17' 07.00"" W",Mobile-1
"31° 40' 32.99"" S","53° 04' 59.99"" W",Mobile-1
"27° 38' 52.80"" S","52° 15' 53.39"" W",Mobile-1
"31° 14' 56.98"" S","52° 47' 44.99"" W",Mobile-1
"29° 01' 58.98"" S","51° 11' 24.97"" W",Mobile-1
"30° 10' 51.30"" S","50° 12' 35.60"" W",Mobile-1
"31° 43' 45.70"" S","52° 23' 00.89"" W",Mobile-1
"28° 58' 21.90"" S","51° 04' 42.45"" W",Mobile-1
"30° 30' 18.40"" S","53° 29' 44.30"" W",Mobile-1
"29° 07' 36.75"" S","56° 33' 22.58"" W",Mobile-1
"29° 50' 41.80"" S","51° 10' 13.10"" W",Mobile-1
"29° 56' 13.45"" S","51° 10' 32.41"" W",Mobile-1
"29° 45' 11.34"" S","51° 05' 51.00"" W",Mobile-1
"30° 02' 49.45"" S","51° 09' 51.95"" W",Mobile-1
"28° 18' 32.29"" S","52° 48' 01.66"" W",Mobile-1
"30° 07' 05.63"" S","51° 13' 26.08"" W",Mobile-1
"31° 45' 32.20"" S","52° 22' 19.30"" W",Mobile-1
"28° 22' 20.09"" S","53° 55' 32.01"" W",Mobile-1
"29° 39' 45.20"" S","51° 27' 08.00"" W",Mobile-1
"28° 51' 00.97"" S","56° 13' 09.98"" W",Mobile-1
"30° 01' 17.29"" S","51° 11' 40.52"" W",Mobile-1
"29° 46' 36.23"" S","51° 09' 16.45"" W",Mobile-1
"30° 47' 10.50"" S","51° 42' 35.39"" W",Mobile-1
"30° 09' 24.84"" S","51° 08' 41.68"" W",Mobile-1
"29° 27' 15.00"" S","51° 18' 19.40"" W",Mobile-1
"29° 59' 13.27"" S","51° 05' 41.21"" W",Mobile-1
"30° 02' 25.00"" S","51° 13' 50.24"" W",Mobile-1
"31° 03' 07.70"" S","52° 36' 31.60"" W",Mobile-1
"29° 42' 31.00"" S","50° 36' 22.97"" W",Mobile-1
"29° 54' 01.50"" S","51° 13' 40.00"" W",Mobile-1
"29° 59' 56.98"" S","53° 29' 57.98"" W",Mobile-1
"28° 18' 23.40"" S","54° 16' 59.70"" W",Mobile-1
"29° 42' 00.58"" S","51° 08' 08.16"" W",Mobile-1
"29° 10' 33.00"" S","51° 10' 52.00"" W",Mobile-1
"29° 48' 31.08"" S","51° 10' 33.09"" W",Mobile-1
"29° 12' 31.00"" S","51° 17' 04.99"" W",Mobile-1
"29° 55' 30.24"" S","50° 06' 22.37"" W",Mobile-1
"29° 13' 30.79"" S","51° 20' 46.18"" W",Mobile-1
"29° 43' 01.10"" S","53° 48' 35.40"" W",Mobile-1
"27° 50' 34.00"" S","54° 28' 37.00"" W",Mobile-1
"29° 01' 52.70"" S","51° 10' 19.40"" W",Mobile-1
"30° 09' 38.66"" S","50° 54' 57.23"" W",Mobile-1
"29° 46' 08.58"" S","57° 05' 36.58"" W",Mobile-1
"29° 59' 13.80"" S","51° 10' 09.70"" W",Mobile-1
"28° 47' 42.07"" S","53° 13' 37.38"" W",Mobile-1
"30° 01' 30.97"" S","51° 09' 40.00"" W",Mobile-1
"29° 08' 48.00"" S","51° 11' 56.00"" W",Mobile-1
"29° 09' 56.99"" S","51° 29' 17.99"" W",Mobile-1
"28° 52' 43.97"" S","51° 41' 51.97"" W",Mobile-1
"29° 54' 55.19"" S","50° 48' 59.47"" W",Mobile-1
"29° 53' 18.60"" S","50° 42' 12.49"" W",Mobile-1
"29° 52' 14.20"" S","50° 31' 05.88"" W",Mobile-1
"29° 53' 28.97"" S","50° 29' 04.99"" W",Mobile-1
"27° 21' 18.40"" S","53° 23' 48.10"" W",Mobile-1
"27° 21' 18.00"" S","53° 23' 49.99"" W",Mobile-1
"29° 34' 11.60"" S","53° 26' 34.20"" W",Mobile-1
"28° 59' 01.00"" S","52° 20' 48.98"" W",Mobile-1
"27° 25' 42.67"" S","52° 40' 09.19"" W",Mobile-1
"30° 01' 12.97"" S","51° 12' 51.98"" W",Mobile-1
"29° 35' 28.40"" S","51° 49' 40.60"" W",Mobile-1
"30° 12' 12.17"" S","51° 06' 51.30"" W",Mobile-1
"31° 45' 58.00"" S","52° 20' 25.01"" W",Mobile-1
"29° 10' 06.00"" S","51° 10' 43.00"" W",Mobile-1
"29° 41' 15.19"" S","53° 49' 21.56"" W",Mobile-1
"28° 22' 49.00"" S","53° 54' 28.00"" W",Mobile-1
"29° 54' 22.00"" S","51° 08' 24.97"" W",Mobile-1
"28° 50' 47.98"" S","51° 55' 19.99"" W",Mobile-1
"29° 46' 13.98"" S","50° 02' 49.99"" W",Mobile-1
"30° 02' 59.10"" S","51° 13' 40.01"" W",Mobile-1
"31° 21' 24.67"" S","54° 07' 24.17"" W",Mobile-1
"27° 35' 01.00"" S","52° 04' 49.98"" W",Mobile-1
"30° 01' 29.19"" S","51° 12' 03.66"" W",Mobile-1
"31° 44' 51.30"" S","52° 22' 18.20"" W",Mobile-1
"30° 01' 44.30"" S","51° 13' 24.90"" W",Mobile-1
"30° 06' 12.40"" S","51° 39' 25.00"" W",Mobile-1
"31° 19' 44.90"" S","54° 06' 59.90"" W",Mobile-1
"29° 22' 56.39"" S","50° 52' 29.39"" W",Mobile-1
"28° 37' 52.00"" S","53° 35' 23.00"" W",Mobile-1
"30° 02' 13.20"" S","51° 13' 41.50"" W",Mobile-1
"29° 33' 26.10"" S","51° 53' 58.38"" W",Mobile-1
"29° 54' 27.00"" S","51° 45' 42.98"" W",Mobile-1
"28° 56' 13.90"" S","51° 33' 05.40"" W",Mobile-1
"29° 52' 43.00"" S","50° 47' 10.97"" W",Mobile-1
"29° 42' 00.40"" S","51° 06' 49.50"" W",Mobile-1
"29° 22' 36.80"" S","50° 52' 27.90"" W",Mobile-1
"28° 09' 19.98"" S","54° 33' 23.98"" W",Mobile-1
"29° 56' 18.42"" S","50° 55' 21.83"" W",Mobile-1
"33° 31' 44.40"" S","53° 21' 44.90"" W",Mobile-1
"28° 50' 34.80"" S","51° 53' 08.70"" W",Mobile-1
"30° 36' 19.98"" S","50° 30' 10.98"" W",Mobile-1
"28° 01' 48.00"" S","54° 21' 27.97"" W",Mobile-1
"29° 15' 32.98"" S","51° 31' 43.00"" W",Mobile-1
"29° 22' 23.07"" S","51° 08' 34.03"" W",Mobile-1
"29° 53' 58.42"" S","51° 10' 45.62"" W",Mobile-1
"29° 56' 25.84"" S","50° 59' 42.58"" W",Mobile-1
"29° 56' 39.52"" S","51° 00' 45.36"" W",Mobile-1
"31° 44' 45.10"" S","52° 23' 01.70"" W",Mobile-1
"29° 40' 02.16"" S","51° 07' 25.31"" W",Mobile-1
"30° 06' 27.97"" S","51° 18' 51.98"" W",Mobile-1
"29° 30' 35.75"" S","52° 37' 20.82"" W",Mobile-1
"28° 16' 00.50"" S","52° 25' 18.39"" W",Mobile-1
"31° 10' 45.00"" S","54° 03' 05.00"" W",Mobile-1
"32° 02' 19.97"" S","52° 05' 13.99"" W",Mobile-1
"29° 49' 01.60"" S","50° 03' 58.20"" W",Mobile-1
"27° 53' 17.99"" S","52° 13' 25.97"" W",Mobile-1
"28° 44' 42.97"" S","51° 05' 19.00"" W",Mobile-1
"31° 44' 50.60"" S","52° 20' 08.70"" W",Mobile-1
"29° 33' 07.99"" S","51° 25' 48.00"" W",Mobile-1
"29° 55' 04.11"" S","50° 05' 44.72"" W",Mobile-1
"29° 21' 32.00"" S","50° 49' 31.00"" W",Mobile-1
"30° 01' 49.62"" S","51° 13' 52.21"" W",Mobile-1
"29° 55' 18.37"" S","51° 08' 47.29"" W",Mobile-1
"28° 19' 49.70"" S","54° 16' 26.50"" W",Mobile-1
"29° 55' 44.98"" S","51° 09' 29.99"" W",Mobile-1
"29° 40' 16.54"" S","51° 06' 43.81"" W",Mobile-1
"29° 55' 06.31"" S","51° 11' 05.17"" W",Mobile-1
"29° 32' 08.59"" S","51° 15' 00.00"" W",Mobile-1
"28° 16' 48.70"" S","54° 14' 14.10"" W",Mobile-1
"33° 39' 49.97"" S","53° 15' 47.99"" W",Mobile-1
"28° 17' 15.30"" S","54° 13' 57.70"" W",Mobile-1
"27° 33' 50.98"" S","53° 58' 05.99"" W",Mobile-1
"28° 34' 43.00"" S","52° 35' 42.97"" W",Mobile-1
"27° 33' 47.59"" S","53° 58' 29.28"" W",Mobile-1
"31° 24' 18.97"" S","53° 50' 49.99"" W",Mobile-1
"32° 00' 36.00"" S","53° 24' 29.99"" W",Mobile-1
"27° 37' 30.00"" S","54° 18' 31.97"" W",Mobile-1
"27° 12' 36.00"" S","53° 15' 36.00"" W",Mobile-1
"29° 26' 24.90"" S","53° 06' 10.80"" W",Mobile-1
"29° 58' 04.98"" S","50° 07' 28.99"" W",Mobile-1
"28° 47' 56.98"" S","55° 14' 08.99"" W",Mobile-1
"28° 03' 27.97"" S","51° 51' 27.97"" W",Mobile-1
"30° 46' 32.10"" S","54° 13' 29.20"" W",Mobile-1
"28° 21' 47.00"" S","51° 38' 01.30"" W",Mobile-1
"28° 38' 04.27"" S","53° 05' 42.68"" W",Mobile-1
"28° 37' 30.97"" S","52° 30' 45.97"" W",Mobile-1
"29° 06' 11.80"" S","51° 07' 41.40"" W",Mobile-1
"29° 10' 35.00"" S","51° 13' 10.00"" W",Mobile-1
"29° 41' 28.39"" S","51° 08' 09.89"" W",Mobile-1
"27° 51' 06.98"" S","54° 11' 29.98"" W",Mobile-1
"29° 43' 28.70"" S","51° 08' 20.47"" W",Mobile-1
"28° 16' 57.00"" S","53° 30' 45.00"" W",Mobile-1
"29° 54' 05.40"" S","51° 10' 12.76"" W",Mobile-1
"30° 03' 18.00"" S","51° 11' 10.00"" W",Mobile-1
"29° 34' 30.00"" S","50° 48' 45.00"" W",Mobile-1
"28° 23' 31.99"" S","53° 54' 42.98"" W",Mobile-1
"29° 34' 21.00"" S","50° 47' 36.00"" W",Mobile-1
"28° 24' 32.98"" S","53° 54' 58.00"" W",Mobile-1
"30° 00' 46.98"" S","56° 22' 28.99"" W",Mobile-1
"28° 55' 32.30"" S","52° 08' 26.80"" W",Mobile-1
"29° 58' 36.00"" S","50° 07' 47.00"" W",Mobile-1
"29° 57' 51.00"" S","50° 07' 49.00"" W",Mobile-1
"29° 58' 18.00"" S","50° 07' 05.90"" W",Mobile-1
"29° 10' 36.64"" S","51° 29' 32.92"" W",Mobile-1
"29° 40' 24.92"" S","51° 04' 50.63"" W",Mobile-1
"27° 52' 46.60"" S","54° 00' 34.00"" W",Mobile-1
"30° 15' 45.00"" S","54° 29' 06.97"" W",Mobile-1
"28° 46' 32.10"" S","52° 10' 20.90"" W",Mobile-1
"28° 49' 03.97"" S","51° 16' 46.99"" W",Mobile-1
"30° 02' 30.98"" S","55° 18' 59.98"" W",Mobile-1
"29° 09' 00.97"" S","56° 31' 59.99"" W",Mobile-1
"29° 45' 21.76"" S","57° 05' 27.86"" W",Mobile-1
"30° 13' 09.98"" S","52° 36' 25.99"" W",Mobile-1
"29° 36' 40.00"" S","53° 45' 52.99"" W",Mobile-1
"29° 52' 14.99"" S","50° 57' 56.59"" W",Mobile-1
"28° 38' 06.00"" S","56° 00' 36.00"" W",Mobile-1
"27° 22' 58.98"" S","52° 27' 22.00"" W",Mobile-1
"29° 35' 28.00"" S","53° 45' 55.98"" W",Mobile-1
"30° 20' 10.97"" S","51° 00' 58.00"" W",Mobile-1
"29° 40' 54.10"" S","53° 48' 03.10"" W",Mobile-1
"28° 18' 18.24"" S","54° 15' 34.35"" W",Mobile-1
"30° 20' 19.97"" S","54° 21' 21.28"" W",Mobile-1
"29° 37' 05.99"" S","51° 08' 56.98"" W",Mobile-1
"29° 36' 31.97"" S","51° 09' 49.97"" W",Mobile-1
"27° 38' 15.60"" S","53° 16' 54.90"" W",Mobile-1
"27° 43' 45.37"" S","52° 30' 26.89"" W",Mobile-1
"30° 01' 50.66"" S","51° 04' 49.69"" W",Mobile-1
"28° 38' 46.00"" S","53° 35' 16.98"" W",Mobile-1
"32° 33' 27.97"" S","53° 23' 22.99"" W",Mobile-1
"28° 52' 47.17"" S","50° 21' 36.18"" W",Mobile-1
"30° 03' 39.80"" S","50° 09' 52.70"" W",Mobile-1
"29° 49' 39.10"" S","50° 30' 24.20"" W",Mobile-1
"29° 57' 27.06"" S","51° 09' 37.67"" W",Mobile-1
"29° 47' 36.20"" S","51° 09' 37.90"" W",Mobile-1
"29° 13' 25.97"" S","53° 41' 28.97"" W",Mobile-1
"28° 15' 46.70"" S","53° 29' 49.30"" W",Mobile-1
"29° 37' 42.20"" S","50° 59' 24.30"" W",Mobile-1
"29° 13' 39.00"" S","53° 41' 02.98"" W",Mobile-1
"29° 01' 28.00"" S","53° 05' 23.00"" W",Mobile-1
"31° 45' 50.13"" S","52° 26' 14.60"" W",Mobile-1
"29° 49' 58.60"" S","51° 24' 34.84"" W",Mobile-1
"32° 05' 50.88"" S","52° 10' 14.35"" W",Mobile-1
"29° 07' 26.98"" S","51° 07' 35.98"" W",Mobile-1
"29° 07' 46.10"" S","51° 10' 11.10"" W",Mobile-1
"29° 29' 49.20"" S","54° 41' 35.60"" W",Mobile-1
"29° 28' 58.30"" S","54° 43' 27.80"" W",Mobile-1
"29° 53' 55.32"" S","51° 09' 13.86"" W",Mobile-1
"31° 59' 48.90"" S","52° 01' 33.90"" W",Mobile-1
"32° 03' 34.48"" S","52° 08' 42.63"" W",Mobile-1
"29° 41' 57.97"" S","51° 08' 36.61"" W",Mobile-1
"29° 40' 52.00"" S","51° 07' 15.53"" W",Mobile-1
"28° 38' 59.10"" S","54° 06' 47.40"" W",Mobile-1
"29° 13' 55.43"" S","51° 21' 45.92"" W",Mobile-1
"30° 15' 33.30"" S","54° 55' 07.00"" W",Mobile-1
"29° 11' 59.30"" S","54° 51' 55.80"" W",Mobile-1
"29° 38' 48.90"" S","50° 47' 24.80"" W",Mobile-1
"28° 15' 07.78"" S","52° 23' 15.40"" W",Mobile-1
"32° 33' 43.60"" S","53° 21' 58.60"" W",Mobile-1
"29° 09' 32.00"" S","51° 09' 28.00"" W",Mobile-1
"30° 15' 28.98"" S","53° 03' 10.98"" W",Mobile-1
"30° 07' 21.31"" S","51° 57' 45.57"" W",Mobile-1
"30° 01' 41.74"" S","51° 12' 28.73"" W",Mobile-1
"31° 13' 10.99"" S","53° 51' 54.00"" W",Mobile-1
"30° 58' 46.60"" S","54° 39' 54.80"" W",Mobile-1
"30° 01' 31.14"" S","51° 09' 43.62"" W",Mobile-1
"31° 20' 32.14"" S","54° 04' 51.96"" W",Mobile-1
"29° 45' 00.97"" S","50° 00' 42.98"" W",Mobile-1
"29° 45' 19.98"" S","50° 00' 54.97"" W",Mobile-1
"29° 45' 41.70"" S","50° 01' 00.60"" W",Mobile-1
"29° 45' 32.00"" S","50° 01' 27.00"" W",Mobile-1
"29° 44' 04.00"" S","50° 00' 14.00"" W",Mobile-1
"29° 45' 32.00"" S","50° 00' 47.00"" W",Mobile-1
"29° 46' 06.30"" S","50° 01' 23.20"" W",Mobile-1
"29° 50' 18.81"" S","51° 15' 38.41"" W",Mobile-1
"29° 57' 00.88"" S","56° 36' 15.93"" W",Mobile-1
"29° 41' 23.93"" S","51° 05' 52.84"" W",Mobile-1
"30° 09' 19.40"" S","51° 03' 38.50"" W",Mobile-1
"29° 21' 10.60"" S","51° 04' 51.90"" W",Mobile-1
"29° 10' 38.00"" S","51° 12' 58.00"" W",Mobile-1
"29° 49' 10.00"" S","51° 09' 44.00"" W",Mobile-1
"29° 10' 57.97"" S","51° 11' 56.98"" W",Mobile-1
"28° 15' 36.00"" S","51° 42' 26.00"" W",Mobile-1
"29° 41' 16.01"" S","51° 07' 44.47"" W",Mobile-1
"29° 49' 49.69"" S","50° 31' 21.03"" W",Mobile-1
"29° 41' 08.91"" S","53° 48' 26.95"" W",Mobile-1
"30° 15' 30.00"" S","54° 54' 51.00"" W",Mobile-1
"0° 00' 00.00"" S","0° 00' 00.00"" W",Mobile-1
"0° 00' 00.00"" S","0° 00' 00.00"" W",Mobile-1
"32° 02' 06.00"" S","52° 05' 55.00"" W",Mobile-1
"29° 48' 06.75"" S","55° 48' 08.00"" W",Mobile-1
"30° 01' 29.50"" S","51° 12' 26.50"" W",Mobile-1
"29° 12' 13.00"" S","51° 24' 31.97"" W",Mobile-1
"30° 01' 36.89"" S","51° 13' 48.27"" W",Mobile-1
"29° 27' 57.17"" S","51° 57' 51.30"" W",Mobile-1
"30° 01' 33.49"" S","51° 10' 56.57"" W",Mobile-1
"30° 01' 58.08"" S","51° 10' 43.50"" W",Mobile-1
"29° 34' 34.97"" S","50° 44' 46.00"" W",Mobile-1
"31° 45' 33.88"" S","52° 13' 59.27"" W",Mobile-1
"30° 01' 47.80"" S","51° 12' 45.40"" W",Mobile-1
"31° 33' 22.96"" S","54° 10' 57.13"" W",Mobile-1
"29° 24' 50.10"" S","51° 27' 55.20"" W",Mobile-1
"29° 42' 50.00"" S","51° 08' 22.81"" W",Mobile-1
"29° 46' 04.00"" S","51° 02' 20.00"" W",Mobile-1
"30° 01' 26.47"" S","51° 12' 31.79"" W",Mobile-1
"29° 54' 40.00"" S","50° 25' 36.98"" W",Mobile-1
"29° 10' 02.24"" S","51° 31' 00.80"" W",Mobile-1
"29° 55' 08.98"" S","51° 10' 44.98"" W",Mobile-1
"29° 57' 09.60"" S","51° 06' 07.60"" W",Mobile-1
"29° 10' 04.18"" S","51° 10' 57.65"" W",Mobile-1
"30° 01' 58.69"" S","51° 14' 13.88"" W",Mobile-1
"30° 02' 18.17"" S","51° 12' 15.48"" W",Mobile-1
"29° 54' 37.10"" S","51° 10' 58.60"" W",Mobile-1
"30° 02' 18.00"" S","51° 12' 22.00"" W",Mobile-1
"29° 09' 43.00"" S","51° 30' 23.00"" W",Mobile-1
"29° 19' 05.99"" S","51° 09' 00.97"" W",Mobile-1
"29° 35' 43.80"" S","51° 12' 09.18"" W",Mobile-1
"30° 01' 47.00"" S","51° 13' 31.82"" W",Mobile-1
"28° 52' 01.99"" S","51° 13' 26.98"" W",Mobile-1
"28° 53' 20.98"" S","51° 07' 44.98"" W",Mobile-1
"28° 13' 41.00"" S","52° 22' 15.70"" W",Mobile-1
"29° 44' 38.70"" S","51° 03' 58.90"" W",Mobile-1
"27° 37' 57.84"" S","52° 16' 30.23"" W",Mobile-1
"29° 13' 39.00"" S","52° 46' 21.00"" W",Mobile-1
"29° 05' 44.99"" S","50° 40' 12.00"" W",Mobile-1
"29° 56' 34.67"" S","50° 59' 38.00"" W",Mobile-1
"30° 04' 13.60"" S","51° 01' 42.80"" W",Mobile-1
"30° 06' 30.11"" S","51° 19' 03.22"" W",Mobile-1
"29° 40' 43.43"" S","51° 11' 47.97"" W",Mobile-1
"27° 13' 58.98"" S","53° 20' 52.98"" W",Mobile-1
"28° 40' 57.97"" S","52° 35' 49.99"" W",Mobile-1
"29° 22' 26.98"" S","51° 01' 43.00"" W",Mobile-1
"28° 23' 53.99"" S","52° 14' 10.97"" W",Mobile-1
"29° 32' 02.98"" S","50° 00' 18.97"" W",Mobile-1
"30° 01' 46.39"" S","51° 13' 43.00"" W",Mobile-1
"28° 07' 55.90"" S","54° 38' 42.40"" W",Mobile-1
"28° 38' 37.97"" S","51° 57' 41.98"" W",Mobile-1
"29° 27' 56.99"" S","51° 57' 45.97"" W",Mobile-1
"29° 35' 49.99"" S","51° 20' 56.98"" W",Mobile-1
"29° 27' 34.99"" S","51° 58' 09.98"" W",Mobile-1
"29° 22' 49.98"" S","50° 49' 50.99"" W",Mobile-1
"29° 49' 25.90"" S","51° 08' 52.40"" W",Mobile-1
"29° 45' 16.38"" S","57° 05' 11.94"" W",Mobile-1
"30° 04' 57.86"" S","51° 01' 40.47"" W",Mobile-1
"27° 36' 33.00"" S","53° 04' 15.00"" W",Mobile-1
"0° 00' 00.00"" S","0° 00' 00.00"" W",Mobile-1
"0° 00' 00.00"" S","0° 00' 00.00"" W",Mobile-1
"0° 00' 00.00"" S","0° 00' 00.00"" W",Mobile-1
"0° 00' 00.00"" S","0° 00' 00.00"" W",Mobile-1
"0° 00' 00.00"" S","0° 00' 00.00"" W",Mobile-1
"28° 15' 54.50"" S","52° 24' 26.24"" W",Mobile-1
"27° 21' 24.33"" S","53° 23' 43.27"" W",Mobile-1
"30° 01' 12.40"" S","51° 12' 12.60"" W",Mobile-1
"28° 45' 02.99"" S","51° 56' 10.00"" W",Mobile-1
"30° 02' 17.99"" S","51° 10' 48.00"" W",Mobile-1
"30° 00' 14.00"" S","51° 04' 52.80"" W",Mobile-1
"29° 23' 47.30"" S","50° 52' 30.90"" W",Mobile-1
"29° 28' 36.98"" S","51° 48' 13.97"" W",Mobile-1
"28° 17' 01.97"" S","52° 47' 08.99"" W",Mobile-1
"29° 19' 43.00"" S","51° 52' 41.99"" W",Mobile-1
"29° 10' 15.78"" S","51° 10' 19.99"" W",Mobile-1
"29° 41' 14.22"" S","53° 48' 42.30"" W",Mobile-1
"30° 02' 41.68"" S","51° 13' 44.08"" W",Mobile-1
"29° 43' 08.80"" S","52° 25' 39.95"" W",Mobile-1
"0° 00' 00.00"" S","0° 00' 00.00"" W",Mobile-1
"28° 30' 17.40"" S","50° 56' 05.62"" W",Mobile-1
"30° 53' 29.43"" S","55° 31' 58.25"" W",Mobile-1
"28° 23' 16.29"" S","53° 55' 00.25"" W",Mobile-1
"31° 45' 52.00"" S","52° 20' 27.00"" W",Mobile-1
"28° 15' 41.58"" S","52° 24' 20.59"" W",Mobile-1
"29° 47' 37.00"" S","50° 13' 28.99"" W",Mobile-1
"30° 07' 39.94"" S","51° 05' 30.59"" W",Mobile-1
"29° 11' 13.27"" S","51° 08' 56.87"" W",Mobile-1
"28° 51' 21.16"" S","51° 15' 59.77"" W",Mobile-1
"29° 53' 08.91"" S","51° 08' 27.70"" W",Mobile-1
"29° 53' 19.02"" S","51° 10' 30.28"" W",Mobile-1
"30° 03' 56.80"" S","51° 06' 26.90"" W",Mobile-1
"29° 38' 17.88"" S","51° 00' 21.27"" W",Mobile-1
"29° 51' 02.07"" S","51° 10' 34.75"" W",Mobile-1
"29° 53' 05.21"" S","50° 16' 35.46"" W",Mobile-1
"28° 39' 27.89"" S","56° 00' 22.01"" W",Mobile-1
"32° 01' 51.30"" S","52° 05' 35.40"" W",Mobile-1
"29° 41' 25.90"" S","51° 14' 29.70"" W",Mobile-1
"31° 46' 19.00"" S","52° 20' 33.00"" W",Mobile-1
"29° 42' 52.55"" S","52° 25' 41.70"" W",Mobile-1
"29° 12' 40.97"" S","51° 30' 06.98"" W",Mobile-1
"29° 45' 49.40"" S","51° 08' 46.70"" W",Mobile-1
"29° 41' 12.89"" S","53° 48' 36.08"" W",Mobile-1
"29° 10' 06.60"" S","51° 31' 03.00"" W",Mobile-1
"28° 26' 23.82"" S","52° 12' 30.89"" W",Mobile-1
"30° 03' 16.38"" S","51° 13' 45.44"" W",Mobile-1
"28° 16' 02.89"" S","52° 26' 14.50"" W",Mobile-1
"29° 53' 21.40"" S","51° 10' 04.60"" W",Mobile-1
"31° 34' 48.00"" S","53° 22' 51.60"" W",Mobile-1
"28° 12' 30.60"" S","51° 31' 22.37"" W",Mobile-1
"28° 13' 09.98"" S","51° 30' 56.99"" W",Mobile-1
"30° 48' 15.98"" S","53° 54' 00.97"" W",Mobile-1
"30° 01' 26.58"" S","51° 12' 51.77"" W",Mobile-1
"30° 01' 43.41"" S","51° 13' 40.18"" W",Mobile-1
"30° 48' 21.20"" S","53° 54' 04.10"" W",Mobile-1
"29° 11' 44.74"" S","51° 09' 56.31"" W",Mobile-1
"29° 10' 37.30"" S","51° 13' 08.59"" W",Mobile-1
"30° 12' 21.01"" S","51° 10' 42.33"" W",Mobile-1
"30° 01' 05.88"" S","51° 12' 09.29"" W",Mobile-1
"30° 01' 21.22"" S","51° 12' 02.66"" W",Mobile-1
"30° 09' 38.99"" S","51° 11' 01.97"" W",Mobile-1
"30° 01' 21.33"" S","51° 12' 34.57"" W",Mobile-1
"30° 02' 48.08"" S","51° 12' 53.10"" W",Mobile-1
"30° 01' 35.80"" S","51° 13' 23.48"" W",Mobile-1
"30° 00' 32.47"" S","51° 08' 51.68"" W",Mobile-1
"29° 59' 22.85"" S","51° 10' 36.59"" W",Mobile-1
"30° 01' 53.51"" S","51° 13' 40.11"" W",Mobile-1
"30° 00' 21.85"" S","51° 10' 58.98"" W",Mobile-1
"30° 01' 44.50"" S","51° 13' 31.90"" W",Mobile-1
"30° 01' 43.00"" S","51° 12' 48.17"" W",Mobile-1
"30° 05' 08.00"" S","51° 14' 47.00"" W",Mobile-1
"30° 01' 24.60"" S","51° 12' 06.30"" W",Mobile-1
"30° 01' 16.10"" S","51° 10' 54.20"" W",Mobile-1
"30° 02' 55.00"" S","51° 13' 04.00"" W",Mobile-1
"30° 01' 31.72"" S","51° 12' 44.89"" W",Mobile-1
"30° 05' 04.18"" S","51° 14' 43.07"" W",Mobile-1
"30° 04' 14.99"" S","51° 13' 46.99"" W",Mobile-1
"30° 09' 41.70"" S","51° 11' 35.10"" W",Mobile-1
"30° 51' 38.97"" S","51° 49' 36.55"" W",Mobile-1
"29° 52' 32.38"" S","50° 09' 23.80"" W",Mobile-1
"28° 40' 38.20"" S","50° 46' 55.20"" W",Mobile-1
"28° 37' 51.00"" S","51° 02' 45.40"" W",Mobile-1
"30° 16' 57.97"" S","50° 15' 04.00"" W",Mobile-1
"29° 40' 01.04"" S","51° 18' 49.04"" W",Mobile-1
"29° 46' 32.00"" S","50° 08' 47.00"" W",Mobile-1
"33° 02' 48.70"" S","52° 52' 07.00"" W",Mobile-1
"30° 01' 55.30"" S","51° 11' 34.90"" W",Mobile-1
"29° 41' 38.20"" S","50° 10' 48.30"" W",Mobile-1
"29° 32' 44.99"" S","51° 33' 00.97"" W",Mobile-1
"29° 20' 21.98"" S","52° 04' 09.98"" W",Mobile-1
"30° 02' 29.84"" S","51° 12' 40.76"" W",Mobile-1
"29° 35' 25.98"" S","55° 28' 49.98"" W",Mobile-1
"29° 43' 28.49"" S","52° 25' 47.39"" W",Mobile-1
"30° 03' 39.17"" S","51° 30' 59.87"" W",Mobile-1
"29° 39' 41.98"" S","51° 22' 22.98"" W",Mobile-1
"30° 01' 42.20"" S","51° 09' 46.40"" W",Mobile-1
"29° 22' 12.00"" S","50° 52' 58.98"" W",Mobile-1
"30° 00' 52.70"" S","51° 11' 10.10"" W",Mobile-1
"29° 32' 08.52"" S","51° 03' 41.76"" W",Mobile-1
"29° 57' 45.00"" S","51° 11' 17.48"" W",Mobile-1
"30° 54' 18.97"" S","53° 26' 21.26"" W",Mobile-1
"30° 08' 09.10"" S","51° 58' 31.80"" W",Mobile-1
"30° 46' 49.00"" S","51° 39' 21.65"" W",Mobile-1
"29° 39' 10.98"" S","53° 50' 01.00"" W",Mobile-1
"30° 01' 38.60"" S","51° 10' 56.70"" W",Mobile-1
"30° 01' 36.00"" S","51° 13' 26.30"" W",Mobile-1
"28° 39' 25.73"" S","56° 00' 19.74"" W",Mobile-1
"29° 59' 02.00"" S","51° 11' 37.00"" W",Mobile-1
"29° 56' 57.30"" S","50° 57' 26.00"" W",Mobile-1
"29° 41' 34.00"" S","53° 48' 37.98"" W",Mobile-1
"31° 46' 09.08"" S","52° 20' 41.28"" W",Mobile-1
"30° 19' 00.10"" S","54° 18' 47.54"" W",Mobile-1
"29° 09' 23.98"" S","51° 10' 14.99"" W",Mobile-1
"31° 21' 15.72"" S","54° 02' 00.82"" W",Mobile-1
"30° 00' 55.90"" S","51° 10' 06.40"" W",Mobile-1
"27° 27' 40.97"" S","51° 54' 22.00"" W",Mobile-1
"28° 04' 39.97"" S","52° 16' 05.99"" W",Mobile-1
"29° 53' 07.50"" S","51° 11' 51.10"" W",Mobile-1
"28° 19' 31.98"" S","53° 35' 07.98"" W",Mobile-1
"29° 52' 39.60"" S","51° 02' 26.00"" W",Mobile-1
"29° 13' 25.00"" S","51° 09' 14.98"" W",Mobile-1
"29° 41' 24.97"" S","51° 27' 32.98"" W",Mobile-1
"29° 54' 56.04"" S","51° 11' 58.72"" W",Mobile-1
"29° 22' 10.02"" S","50° 48' 10.90"" W",Mobile-1
"30° 07' 03.90"" S","51° 13' 23.10"" W",Mobile-1
"29° 41' 19.97"" S","51° 28' 07.00"" W",Mobile-1
"29° 44' 31.80"" S","55° 27' 47.81"" W",Mobile-1
"29° 35' 07.80"" S","51° 06' 15.40"" W",Mobile-1
"28° 36' 18.97"" S","51° 52' 27.98"" W",Mobile-1
"28° 30' 27.70"" S","55° 13' 37.00"" W",Mobile-1
"28° 16' 54.98"" S","52° 10' 55.99"" W",Mobile-1
"30° 08' 17.99"" S","52° 02' 49.99"" W",Mobile-1
"31° 18' 14.98"" S","54° 04' 57.97"" W",Mobile-1
"29° 33' 09.20"" S","49° 53' 52.60"" W",Mobile-1
"29° 57' 09.01"" S","50° 07' 30.90"" W",Mobile-1
"29° 42' 30.20"" S","53° 44' 45.60"" W",Mobile-1
"28° 38' 54.89"" S","52° 04' 58.37"" W",Mobile-1
"29° 53' 10.97"" S","52° 02' 04.99"" W",Mobile-1
"29° 42' 13.00"" S","51° 14' 07.00"" W",Mobile-1
"29° 33' 23.29"" S","50° 47' 27.94"" W",Mobile-1
"29° 19' 45.98"" S","49° 43' 01.99"" W",Mobile-1
"29° 27' 01.27"" S","51° 59' 18.95"" W",Mobile-1
"29° 32' 10.00"" S","51° 05' 24.00"" W",Mobile-1
"29° 59' 37.97"" S","52° 54' 51.98"" W",Mobile-1
"30° 02' 52.26"" S","50° 09' 23.43"" W",Mobile-1
"29° 49' 34.97"" S","50° 51' 23.98"" W",Mobile-1
"30° 17' 36.70"" S","50° 15' 05.50"" W",Mobile-1
"30° 01' 11.90"" S","51° 11' 15.50"" W",Mobile-1
"30° 21' 33.98"" S","51° 35' 24.00"" W",Mobile-1
"29° 45' 14.00"" S","50° 02' 15.00"" W",Mobile-1
"29° 22' 51.70"" S","56° 02' 34.60"" W",Mobile-1
"29° 40' 27.60"" S","50° 11' 52.80"" W",Mobile-1
"28° 27' 09.97"" S","52° 12' 10.98"" W",Mobile-1
"31° 35' 23.89"" S","52° 37' 44.80"" W",Mobile-1
"29° 59' 58.20"" S","51° 03' 23.11"" W",Mobile-1
"27° 29' 38.98"" S","53° 41' 03.98"" W",Mobile-1
"29° 41' 12.70"" S","51° 56' 21.37"" W",Mobile-1
"30° 16' 19.40"" S","50° 14' 46.90"" W",Mobile-1
"28° 25' 28.99"" S","52° 12' 25.99"" W",Mobile-1
"29° 51' 38.80"" S","50° 04' 26.10"" W",Mobile-1
"29° 55' 31.98"" S","51° 16' 48.97"" W",Mobile-1
"29° 55' 52.97"" S","50° 06' 09.97"" W",Mobile-1
"32° 01' 55.40"" S","52° 06' 22.10"" W",Mobile-1
"28° 18' 15.98"" S","54° 14' 39.98"" W",Mobile-1
"31° 05' 55.79"" S","50° 55' 03.18"" W",Mobile-1
"30° 00' 51.29"" S","57° 13' 41.53"" W",Mobile-1
"30° 01' 25.00"" S","51° 10' 58.00"" W",Mobile-1
"29° 32' 21.19"" S","52° 06' 43.27"" W",Mobile-1
"31° 17' 25.41"" S","54° 07' 46.97"" W",Mobile-1
"30° 04' 31.60"" S","51° 12' 32.70"" W",Mobile-1
"30° 06' 33.60"" S","51° 12' 54.60"" W",Mobile-1
"29° 54' 22.82"" S","51° 11' 01.54"" W",Mobile-1
"29° 33' 51.78"" S","54° 27' 13.42"" W",Mobile-1
"30° 01' 32.80"" S","51° 13' 30.20"" W",Mobile-1
"28° 19' 27.98"" S","51° 11' 42.97"" W",Mobile-1
"29° 57' 20.92"" S","51° 03' 37.30"" W",Mobile-1
"28° 19' 38.00"" S","51° 45' 54.20"" W",Mobile-1
"29° 10' 39.97"" S","51° 52' 09.98"" W",Mobile-1
"32° 02' 58.26"" S","52° 07' 32.88"" W",Mobile-1
"29° 55' 39.25"" S","51° 03' 38.34"" W",Mobile-1
"30° 00' 08.90"" S","51° 06' 01.90"" W",Mobile-1
"29° 54' 25.68"" S","50° 05' 39.96"" W",Mobile-1
"27° 34' 37.70"" S","51° 39' 40.20"" W",Mobile-1
"27° 37' 16.00"" S","51° 48' 05.98"" W",Mobile-1
"27° 38' 18.60"" S","54° 18' 49.10"" W",Mobile-1
"31° 45' 38.36"" S","52° 20' 52.28"" W",Mobile-1
"29° 10' 06.80"" S","51° 10' 58.00"" W",Mobile-1
"28° 38' 51.97"" S","51° 44' 55.97"" W",Mobile-1
"28° 00' 09.00"" S","52° 58' 53.00"" W",Mobile-1
"27° 36' 19.98"" S","54° 06' 40.00"" W",Mobile-1
"29° 45' 04.00"" S","52° 59' 47.98"" W",Mobile-1
"29° 37' 36.21"" S","51° 01' 06.21"" W",Mobile-1
"29° 24' 39.17"" S","54° 49' 43.79"" W",Mobile-1
"29° 40' 51.40"" S","52° 47' 03.50"" W",Mobile-1
"30° 03' 05.30"" S","51° 09' 04.50"" W",Mobile-1
"30° 08' 16.54"" S","51° 21' 44.51"" W",Mobile-1
"29° 24' 38.45"" S","51° 04' 26.80"" W",Mobile-1
"29° 40' 54.28"" S","51° 07' 38.75"" W",Mobile-1
"29° 39' 32.74"" S","51° 09' 02.81"" W",Mobile-1
"30° 02' 08.70"" S","51° 07' 16.20"" W",Mobile-1
"28° 15' 46.55"" S","52° 24' 44.40"" W",Mobile-1
"29° 50' 37.97"" S","50° 03' 36.97"" W",Mobile-1
"29° 17' 14.50"" S","51° 20' 01.94"" W",Mobile-1
"27° 34' 34.00"" S","54° 30' 14.98"" W",Mobile-1
"28° 27' 32.98"" S","52° 49' 03.00"" W",Mobile-1
"29° 41' 12.44"" S","51° 07' 03.25"" W",Mobile-1
"29° 56' 45.20"" S","51° 10' 25.80"" W",Mobile-1
"28° 44' 01.97"" S","51° 42' 04.97"" W",Mobile-1
"27° 21' 59.98"" S","52° 46' 21.00"" W",Mobile-1
"28° 47' 07.00"" S","51° 36' 07.70"" W",Mobile-1
"29° 29' 10.94"" S","53° 30' 42.86"" W",Mobile-1
"28° 46' 37.99"" S","51° 36' 46.98"" W",Mobile-1
"29° 22' 35.98"" S","51° 06' 37.98"" W",Mobile-1
"28° 03' 49.70"" S","53° 41' 27.70"" W",Mobile-1
"28° 59' 02.60"" S","51° 24' 39.20"" W",Mobile-1
"29° 57' 33.62"" S","51° 10' 39.22"" W",Mobile-1
"29° 55' 39.80"" S","51° 10' 03.20"" W",Mobile-1
"29° 51' 26.85"" S","51° 16' 33.95"" W",Mobile-1
"30° 02' 18.30"" S","50° 09' 20.05"" W",Mobile-1
"29° 39' 25.60"" S","50° 46' 52.50"" W",Mobile-1
"29° 57' 02.77"" S","51° 10' 10.60"" W",Mobile-1
"29° 35' 09.45"" S","50° 54' 10.30"" W",Mobile-1
"29° 28' 45.98"" S","53° 27' 54.00"" W",Mobile-1
"27° 44' 18.00"" S","53° 03' 31.00"" W",Mobile-1
"30° 00' 49.60"" S","51° 08' 09.70"" W",Mobile-1
"30° 03' 28.29"" S","51° 11' 43.41"" W",Mobile-1
"30° 01' 22.36"" S","51° 11' 02.98"" W",Mobile-1
"30° 02' 17.16"" S","51° 14' 18.96"" W",Mobile-1
"29° 42' 53.91"" S","52° 31' 21.14"" W",Mobile-1
"29° 42' 30.80"" S","52° 25' 57.20"" W",Mobile-1
"29° 55' 22.50"" S","51° 07' 57.10"" W",Mobile-1
"30° 00' 56.00"" S","52° 54' 11.03"" W",Mobile-1
"29° 40' 26.51"" S","51° 07' 56.50"" W",Mobile-1
"29° 57' 15.46"" S","51° 06' 20.75"" W",Mobile-1
"29° 53' 19.00"" S","50° 16' 12.00"" W",Mobile-1
"29° 52' 48.97"" S","50° 17' 15.97"" W",Mobile-1
"29° 10' 03.70"" S","51° 31' 23.33"" W",Mobile-1
"29° 42' 42.62"" S","51° 07' 43.82"" W",Mobile-1
"30° 33' 13.97"" S","55° 04' 48.00"" W",Mobile-1
"29° 41' 27.56"" S","51° 07' 39.50"" W",Mobile-1
"29° 53' 16.98"" S","56° 00' 06.98"" W",Mobile-1
"29° 57' 00.29"" S","50° 58' 21.79"" W",Mobile-1
"28° 50' 26.99"" S","53° 36' 42.98"" W",Mobile-1
"29° 10' 59.48"" S","51° 10' 54.88"" W",Mobile-1
"27° 22' 14.01"" S","53° 24' 05.01"" W",Mobile-1
"30° 42' 16.99"" S","55° 07' 28.99"" W",Mobile-1
"28° 16' 12.29"" S","52° 23' 18.60"" W",Mobile-1
"29° 46' 17.20"" S","50° 02' 23.30"" W",Mobile-1
"29° 55' 22.48"" S","51° 10' 42.13"" W",Mobile-1
"29° 58' 41.99"" S","56° 08' 42.97"" W",Mobile-1
"30° 02' 42.80"" S","51° 12' 51.60"" W",Mobile-1
"30° 11' 33.97"" S","52° 22' 26.98"" W",Mobile-1
"30° 00' 52.70"" S","51° 07' 11.20"" W",Mobile-1
"29° 42' 52.00"" S","49° 59' 35.70"" W",Mobile-1
"30° 10' 37.99"" S","51° 23' 15.00"" W",Mobile-1
"29° 34' 59.50"" S","51° 12' 41.70"" W",Mobile-1
"30° 00' 22.10"" S","51° 11' 58.90"" W",Mobile-1
"29° 45' 09.60"" S","52° 25' 46.70"" W",Mobile-1
"28° 49' 03.83"" S","52° 29' 20.42"" W",Mobile-1
"29° 28' 17.98"" S","51° 08' 01.97"" W",Mobile-1
"30° 01' 23.93"" S","51° 11' 02.18"" W",Mobile-1
"30° 09' 59.00"" S","50° 12' 23.29"" W",Mobile-1
"29° 18' 52.30"" S","50° 51' 49.40"" W",Mobile-1
"28° 19' 34.97"" S","52° 17' 29.98"" W",Mobile-1
"30° 01' 21.45"" S","51° 11' 03.86"" W",Mobile-1
"29° 57' 23.40"" S","51° 38' 05.70"" W",Mobile-1
"30° 00' 39.60"" S","51° 09' 35.00"" W",Mobile-1
"29° 04' 09.00"" S","51° 06' 56.80"" W",Mobile-1
"29° 45' 17.60"" S","50° 00' 40.60"" W",Mobile-1
"30° 00' 19.74"" S","51° 11' 38.55"" W",Mobile-1
"27° 55' 27.60"" S","55° 06' 04.40"" W",Mobile-1
"29° 48' 09.10"" S","51° 51' 23.10"" W",Mobile-1
"31° 20' 15.90"" S","54° 07' 52.90"" W",Mobile-1
"29° 25' 01.30"" S","51° 31' 13.60"" W",Mobile-1
"27° 42' 24.00"" S","52° 17' 09.00"" W",Mobile-1
"29° 48' 33.71"" S","55° 49' 09.22"" W",Mobile-1
"28° 25' 27.98"" S","53° 39' 22.00"" W",Mobile-1
"31° 45' 25.70"" S","52° 20' 03.20"" W",Mobile-1
"29° 54' 21.40"" S","50° 19' 07.00"" W",Mobile-1
"31° 19' 44.03"" S","54° 06' 06.19"" W",Mobile-1
"29° 11' 13.40"" S","54° 51' 40.20"" W",Mobile-1
"30° 00' 56.00"" S","50° 08' 43.00"" W",Mobile-1
"28° 15' 40.68"" S","52° 24' 14.40"" W",Mobile-1
"29° 50' 56.00"" S","51° 57' 46.10"" W",Mobile-1
"29° 49' 26.58"" S","51° 08' 53.27"" W",Mobile-1
"29° 59' 48.90"" S","51° 05' 17.10"" W",Mobile-1
"27° 42' 02.99"" S","51° 45' 33.98"" W",Mobile-1
"29° 41' 50.00"" S","53° 52' 51.00"" W",Mobile-1
"30° 15' 35.73"" S","50° 14' 23.31"" W",Mobile-1
"29° 20' 20.30"" S","49° 43' 31.40"" W",Mobile-1
"29° 21' 18.68"" S","53° 19' 55.49"" W",Mobile-1
"30° 01' 44.02"" S","51° 13' 40.08"" W",Mobile-1
"29° 40' 34.10"" S","51° 27' 36.24"" W",Mobile-1
"32° 11' 33.00"" S","52° 10' 21.00"" W",Mobile-1
"27° 26' 02.98"" S","53° 57' 09.97"" W",Mobile-1
"31° 33' 20.99"" S","53° 24' 33.98"" W",Mobile-1
"31° 34' 14.99"" S","53° 23' 49.99"" W",Mobile-1
"30° 01' 45.47"" S","51° 12' 07.63"" W",Mobile-1
"27° 31' 42.89"" S","53° 11' 49.67"" W",Mobile-1
"29° 04' 54.84"" S","51° 27' 06.48"" W",Mobile-1
"29° 52' 48.96"" S","51° 00' 02.57"" W",Mobile-1
"28° 28' 30.00"" S","53° 32' 46.00"" W",Mobile-1
"28° 37' 06.60"" S","53° 18' 41.76"" W",Mobile-1
"28° 40' 20.10"" S","55° 59' 41.60"" W",Mobile-1
"29° 40' 57.68"" S","51° 07' 43.90"" W",Mobile-1
"30° 35' 46.00"" S","53° 25' 39.00"" W",Mobile-1
"29° 09' 32.08"" S","51° 11' 11.40"" W",Mobile-1
"29° 10' 30.11"" S","51° 31' 42.17"" W",Mobile-1
"29° 47' 07.98"" S","53° 46' 57.97"" W",Mobile-1
"31° 26' 19.00"" S","53° 05' 17.99"" W",Mobile-1
"30° 07' 14.00"" S","51° 06' 32.40"" W",Mobile-1
"30° 11' 13.30"" S","51° 13' 02.70"" W",Mobile-1
"30° 04' 19.20"" S","51° 13' 53.90"" W",Mobile-1
"28° 19' 02.20"" S","53° 30' 40.60"" W",Mobile-1
"30° 16' 18.99"" S","52° 51' 55.85"" W",Mobile-1
"31° 45' 58.90"" S","52° 20' 24.97"" W",Mobile-1
"29° 10' 04.00"" S","51° 11' 13.00"" W",Mobile-1
"30° 07' 51.20"" S","51° 11' 53.80"" W",Mobile-1
"29° 43' 36.98"" S","53° 33' 01.98"" W",Mobile-1
"29° 37' 50.12"" S","50° 50' 03.16"" W",Mobile-1
"31° 45' 28.98"" S","52° 20' 06.97"" W",Mobile-1
"29° 31' 48.00"" S","51° 09' 29.99"" W",Mobile-1
"27° 34' 37.99"" S","54° 40' 23.99"" W",Mobile-1
"28° 17' 38.98"" S","53° 29' 43.98"" W",Mobile-1
"30° 02' 41.00"" S","51° 08' 08.00"" W",Mobile-1
"27° 21' 11.99"" S","53° 33' 29.99"" W",Mobile-1
"30° 04' 07.30"" S","51° 09' 41.70"" W",Mobile-1
"27° 54' 01.98"" S","53° 18' 43.99"" W",Mobile-1
"30° 02' 13.40"" S","51° 09' 15.60"" W",Mobile-1
"30° 10' 56.90"" S","51° 11' 22.10"" W",Mobile-1
"30° 15' 05.08"" S","50° 30' 19.12"" W",Mobile-1
"29° 56' 46.60"" S","51° 04' 48.50"" W",Mobile-1
"29° 55' 51.00"" S","50° 06' 10.00"" W",Mobile-1
"30° 14' 46.78"" S","50° 13' 57.12"" W",Mobile-1
"28° 23' 07.58"" S","53° 55' 35.87"" W",Mobile-1
"27° 20' 01.00"" S","53° 03' 13.97"" W",Mobile-1
"29° 53' 27.60"" S","50° 14' 12.20"" W",Mobile-1
"29° 42' 25.92"" S","53° 49' 16.56"" W",Mobile-1
"29° 55' 03.87"" S","51° 02' 45.94"" W",Mobile-1
"29° 38' 12.08"" S","51° 24' 13.02"" W",Mobile-1
"31° 44' 33.40"" S","52° 17' 39.30"" W",Mobile-1
"29° 42' 34.99"" S","52° 25' 43.00"" W",Mobile-1
"28° 15' 22.51"" S","52° 25' 35.91"" W",Mobile-1
"29° 10' 58.98"" S","51° 30' 29.99"" W",Mobile-1
"31° 51' 36.00"" S","52° 49' 12.97"" W",Mobile-1
"29° 52' 48.40"" S","51° 22' 48.90"" W",Mobile-1
"30° 06' 47.99"" S","51° 50' 15.00"" W",Mobile-1
"29° 58' 48.00"" S","50° 12' 36.00"" W",Mobile-1
"31° 46' 22.80"" S","52° 19' 36.48"" W",Mobile-1
"29° 09' 54.00"" S","52° 13' 27.00"" W",Mobile-1
"29° 26' 16.98"" S","49° 48' 16.88"" W",Mobile-1
"32° 14' 41.40"" S","52° 29' 17.50"" W",Mobile-1
"30° 50' 47.80"" S","55° 29' 17.60"" W",Mobile-1
"29° 51' 25.70"" S","51° 07' 46.60"" W",Mobile-1
"30° 07' 08.30"" S","51° 39' 02.90"" W",Mobile-1
"30° 01' 57.70"" S","51° 13' 36.90"" W",Mobile-1
"30° 53' 34.58"" S","55° 31' 20.22"" W",Mobile-1
"29° 45' 51.98"" S","52° 25' 13.98"" W",Mobile-1
"29° 21' 58.00"" S","50° 48' 08.50"" W",Mobile-1
"29° 38' 55.37"" S","51° 00' 59.78"" W",Mobile-1
"29° 38' 31.38"" S","50° 49' 41.48"" W",Mobile-1
"33° 31' 44.31"" S","53° 20' 58.85"" W",Mobile-1
"29° 29' 41.20"" S","49° 51' 35.30"" W",Mobile-1
"30° 07' 47.90"" S","51° 14' 03.90"" W",Mobile-1
"29° 40' 52.82"" S","51° 08' 48.81"" W",Mobile-1
"29° 41' 30.98"" S","52° 21' 52.99"" W",Mobile-1
"29° 47' 53.83"" S","52° 23' 45.45"" W",Mobile-1
"29° 30' 15.54"" S","50° 46' 29.00"" W",Mobile-1
"29° 46' 45.98"" S","57° 06' 23.98"" W",Mobile-1
"29° 14' 28.97"" S","52° 18' 40.00"" W",Mobile-1
"29° 47' 07.44"" S","55° 47' 16.53"" W",Mobile-1
"29° 57' 36.00"" S","51° 32' 58.00"" W",Mobile-1
"28° 45' 28.80"" S","51° 28' 44.10"" W",Mobile-1
"29° 59' 10.30"" S","51° 09' 36.50"" W",Mobile-1
"28° 39' 54.00"" S","55° 59' 00.38"" W",Mobile-1
"29° 46' 10.02"" S","52° 12' 45.65"" W",Mobile-1
"29° 44' 59.20"" S","52° 16' 34.90"" W",Mobile-1
"29° 41' 46.00"" S","53° 45' 56.30"" W",Mobile-1
"29° 14' 10.97"" S","52° 10' 22.98"" W",Mobile-1
"29° 53' 50.17"" S","51° 00' 53.86"" W",Mobile-1
"29° 54' 56.50"" S","51° 09' 53.10"" W",Mobile-1
"30° 00' 36.80"" S","51° 12' 14.70"" W",Mobile-1
"29° 40' 41.16"" S","55° 32' 17.16"" W",Mobile-1
"28° 15' 55.98"" S","51° 49' 52.00"" W",Mobile-1
"29° 50' 24.60"" S","51° 07' 37.74"" W",Mobile-1
"30° 00' 34.20"" S","51° 10' 14.90"" W",Mobile-1
"30° 09' 32.98"" S","52° 07' 49.98"" W",Mobile-1
"29° 41' 34.00"" S","51° 14' 04.00"" W",Mobile-1
"30° 06' 38.30"" S","51° 19' 35.60"" W",Mobile-1
"29° 49' 58.80"" S","50° 31' 21.50"" W",Mobile-1
"28° 17' 00.90"" S","54° 15' 43.40"" W",Mobile-1
"31° 26' 25.98"" S","53° 04' 07.97"" W",Mobile-1
"31° 26' 42.97"" S","53° 06' 11.99"" W",Mobile-1
"30° 01' 51.00"" S","51° 13' 28.10"" W",Mobile-1
"32° 01' 56.30"" S","52° 05' 29.40"" W",Mobile-1
"27° 51' 16.38"" S","55° 01' 07.39"" W",Mobile-1
"28° 16' 36.98"" S","52° 37' 27.98"" W",Mobile-1
"30° 01' 38.50"" S","51° 12' 36.60"" W",Mobile-1
"30° 05' 54.38"" S","50° 58' 38.50"" W",Mobile-1
"29° 45' 59.67"" S","51° 09' 07.65"" W",Mobile-1
"29° 33' 04.00"" S","51° 44' 20.98"" W",Mobile-1
"31° 55' 56.00"" S","52° 18' 13.00"" W",Mobile-1
"29° 33' 56.85"" S","51° 04' 53.20"" W",Mobile-1
"28° 13' 07.00"" S","52° 49' 21.97"" W",Mobile-1
"28° 35' 43.98"" S","51° 47' 08.99"" W",Mobile-1
"29° 56' 20.00"" S","50° 54' 56.00"" W",Mobile-1
"27° 54' 15.30"" S","55° 08' 24.47"" W",Mobile-1
"29° 43' 48.97"" S","53° 10' 46.99"" W",Mobile-1
"31° 15' 31.42"" S","54° 11' 26.52"" W",Mobile-1
"30° 02' 27.40"" S","51° 13' 14.60"" W",Mobile-1
"31° 20' 15.00"" S","53° 59' 26.99"" W",Mobile-1
"29° 39' 32.00"" S","51° 01' 59.60"" W",Mobile-1
"28° 06' 44.26"" S","53° 55' 04.98"" W",Mobile-1
"29° 59' 53.70"" S","50° 07' 59.99"" W",Mobile-1
"30° 23' 08.27"" S","56° 27' 06.59"" W",Mobile-1
"29° 41' 48.39"" S","53° 47' 50.21"" W",Mobile-1
"29° 54' 58.46"" S","51° 03' 43.42"" W",Mobile-1
"30° 01' 17.37"" S","51° 12' 40.98"" W",Mobile-1
"32° 03' 49.97"" S","52° 15' 15.98"" W",Mobile-1
"30° 20' 38.98"" S","50° 16' 18.98"" W",Mobile-1
"31° 19' 44.20"" S","54° 06' 06.80"" W",Mobile-1
"30° 02' 09.90"" S","51° 14' 17.10"" W",Mobile-1
"29° 41' 32.10"" S","53° 47' 33.00"" W",Mobile-1
"30° 03' 55.00"" S","51° 13' 25.90"" W",Mobile-1
"30° 01' 50.50"" S","52° 54' 28.60"" W",Mobile-1
"31° 46' 01.40"" S","52° 20' 29.10"" W",Mobile-1
"32° 01' 51.60"" S","52° 05' 58.40"" W",Mobile-1
"28° 18' 28.90"" S","54° 15' 32.50"" W",Mobile-1
"30° 01' 57.80"" S","51° 13' 01.10"" W",Mobile-1
"29° 10' 45.30"" S","51° 10' 49.20"" W",Mobile-1
"31° 45' 59.60"" S","52° 20' 27.60"" W",Mobile-1
"28° 18' 24.10"" S","54° 15' 38.00"" W",Mobile-1
"30° 03' 30.00"" S","51° 12' 56.08"" W",Mobile-1
"29° 21' 38.60"" S","50° 50' 59.80"" W",Mobile-1
"29° 09' 50.50"" S","51° 10' 37.81"" W",Mobile-1
"29° 55' 08.64"" S","51° 10' 51.00"" W",Mobile-1
"27° 47' 12.90"" S","52° 48' 57.80"" W",Mobile-1
"29° 51' 05.98"" S","50° 03' 51.98"" W",Mobile-1
"30° 06' 56.60"" S","51° 10' 43.70"" W",Mobile-1
"29° 10' 28.99"" S","51° 11' 33.97"" W",Mobile-1
"30° 00' 08.90"" S","51° 09' 16.60"" W",Mobile-1
"30° 01' 43.60"" S","51° 06' 26.20"" W",Mobile-1
"30° 00' 17.70"" S","51° 12' 09.40"" W",Mobile-1
"29° 46' 12.90"" S","51° 08' 00.71"" W",Mobile-1
"30° 03' 53.48"" S","51° 13' 57.81"" W",Mobile-1
"29° 39' 51.98"" S","51° 15' 51.98"" W",Mobile-1
"29° 39' 59.20"" S","51° 08' 59.80"" W",Mobile-1
"27° 28' 38.90"" S","53° 10' 05.60"" W",Mobile-1
"27° 49' 05.00"" S","52° 54' 24.00"" W",Mobile-1
"30° 00' 13.30"" S","51° 08' 46.90"" W",Mobile-1
"28° 15' 40.30"" S","52° 23' 54.50"" W",Mobile-1
"29° 29' 02.47"" S","49° 50' 29.80"" W",Mobile-1
"32° 03' 52.47"" S","52° 10' 11.44"" W",Mobile-1
"30° 26' 11.80"" S","53° 26' 40.90"" W",Mobile-1
"28° 16' 28.99"" S","52° 24' 31.97"" W",Mobile-1
"30° 01' 45.50"" S","51° 12' 08.00"" W",Mobile-1
"29° 43' 14.00"" S","53° 42' 53.40"" W",Mobile-1
"29° 47' 02.50"" S","51° 08' 39.00"" W",Mobile-1
"29° 57' 49.00"" S","52° 21' 42.98"" W",Mobile-1
"30° 19' 56.30"" S","54° 19' 46.70"" W",Mobile-1
"30° 51' 37.98"" S","55° 32' 53.99"" W",Mobile-1
"32° 02' 01.00"" S","52° 05' 47.98"" W",Mobile-1
"29° 20' 17.20"" S","49° 44' 13.60"" W",Mobile-1
"29° 40' 05.99"" S","53° 58' 16.97"" W",Mobile-1
"30° 03' 51.10"" S","51° 12' 06.20"" W",Mobile-1
"27° 18' 14.98"" S","52° 50' 42.00"" W",Mobile-1
"29° 38' 49.99"" S","50° 28' 21.97"" W",Mobile-1
"29° 59' 03.98"" S","52° 22' 40.98"" W",Mobile-1
"27° 34' 45.68"" S","52° 13' 22.56"" W",Mobile-1
"29° 38' 40.10"" S","50° 33' 54.30"" W",Mobile-1
"28° 15' 03.65"" S","54° 48' 52.46"" W",Mobile-1
"29° 55' 30.80"" S","50° 58' 24.80"" W",Mobile-1
"30° 06' 54.60"" S","51° 21' 35.90"" W",Mobile-1
"29° 58' 50.71"" S","51° 38' 08.52"" W",Mobile-1
"29° 42' 33.91"" S","51° 06' 29.38"" W",Mobile-1
"30° 03' 17.70"" S","51° 12' 25.20"" W",Mobile-1
"27° 28' 19.99"" S","53° 10' 01.99"" W",Mobile-1
"28° 37' 38.40"" S","51° 34' 02.50"" W",Mobile-1
"29° 09' 36.83"" S","51° 31' 18.03"" W",Mobile-1
"29° 39' 23.98"" S","50° 35' 15.97"" W",Mobile-1
"29° 08' 49.70"" S","51° 09' 12.50"" W",Mobile-1
"29° 58' 50.20"" S","51° 10' 40.40"" W",Mobile-1
"30° 15' 16.00"" S","54° 55' 11.00"" W",Mobile-1
"30° 01' 23.30"" S","51° 12' 19.39"" W",Mobile-1
"29° 59' 05.40"" S","52° 22' 59.90"" W",Mobile-1
"30° 21' 14.50"" S","50° 16' 40.08"" W",Mobile-1
"31° 45' 31.30"" S","52° 15' 43.90"" W",Mobile-1
"29° 52' 32.74"" S","51° 24' 27.23"" W",Mobile-1
"30° 02' 36.50"" S","51° 10' 49.30"" W",Mobile-1
"30° 02' 57.80"" S","51° 11' 39.80"" W",Mobile-1
"29° 59' 26.00"" S","51° 10' 54.00"" W",Mobile-1
"28° 07' 19.60"" S","55° 01' 03.70"" W",Mobile-1
"29° 53' 29.98"" S","52° 23' 19.00"" W",Mobile-1
"32° 06' 26.49"" S","52° 10' 43.94"" W",Mobile-1
"30° 14' 53.99"" S","54° 55' 30.07"" W",Mobile-1
"29° 40' 55.99"" S","53° 49' 00.98"" W",Mobile-1
"29° 48' 54.00"" S","53° 23' 21.98"" W",Mobile-1
"30° 02' 09.40"" S","51° 12' 35.80"" W",Mobile-1
"29° 39' 08.75"" S","51° 08' 16.87"" W",Mobile-1
"28° 07' 21.97"" S","52° 51' 09.00"" W",Mobile-1
"30° 14' 43.60"" S","54° 55' 43.60"" W",Mobile-1
"30° 51' 34.50"" S","51° 48' 03.40"" W",Mobile-1
"29° 08' 34.80"" S","51° 10' 39.10"" W",Mobile-1
"29° 26' 32.60"" S","50° 34' 29.20"" W",Mobile-1
"29° 45' 05.08"" S","51° 09' 00.43"" W",Mobile-1
"27° 39' 45.00"" S","53° 38' 17.99"" W",Mobile-1
"29° 40' 57.00"" S","51° 27' 38.38"" W",Mobile-1
"29° 46' 41.20"" S","57° 04' 18.60"" W",Mobile-1
"28° 28' 59.00"" S","50° 54' 41.00"" W",Mobile-1
"30° 03' 53.91"" S","51° 14' 06.65"" W",Mobile-1
"29° 59' 17.30"" S","51° 10' 48.10"" W",Mobile-1
"30° 03' 35.40"" S","51° 13' 51.10"" W",Mobile-1
"29° 10' 04.17"" S","51° 10' 45.78"" W",Mobile-1
"29° 50' 18.41"" S","50° 30' 58.11"" W",Mobile-1
"28° 17' 55.18"" S","54° 15' 49.18"" W",Mobile-1
"28° 18' 23.29"" S","54° 15' 36.97"" W",Mobile-1
"29° 45' 59.87"" S","51° 06' 56.52"" W",Mobile-1
"29° 29' 39.79"" S","50° 47' 04.00"" W",Mobile-1
"29° 43' 15.60"" S","51° 07' 12.50"" W",Mobile-1
"30° 02' 40.90"" S","51° 14' 00.40"" W",Mobile-1
"30° 02' 33.09"" S","51° 13' 58.81"" W",Mobile-1
"30° 09' 02.20"" S","50° 11' 46.30"" W",Mobile-1
"29° 41' 25.98"" S","53° 47' 25.98"" W",Mobile-1
"28° 17' 54.10"" S","54° 15' 45.97"" W",Mobile-1
"28° 30' 45.97"" S","52° 01' 25.00"" W",Mobile-1
"29° 28' 50.99"" S","50° 41' 51.00"" W",Mobile-1
"30° 23' 34.00"" S","55° 02' 23.00"" W",Mobile-1
"30° 03' 53.20"" S","51° 13' 56.30"" W",Mobile-1
"30° 52' 10.99"" S","53° 06' 51.98"" W",Mobile-1
"29° 46' 23.92"" S","50° 02' 18.47"" W",Mobile-1
"29° 10' 54.77"" S","51° 08' 02.51"" W",Mobile-1
"29° 35' 22.80"" S","51° 22' 35.40"" W",Mobile-1
"28° 20' 16.98"" S","52° 53' 16.98"" W",Mobile-1
"29° 58' 20.00"" S","51° 11' 38.40"" W",Mobile-1
"30° 04' 22.50"" S","51° 14' 29.30"" W",Mobile-1
"29° 22' 31.30"" S","49° 48' 51.10"" W",Mobile-1
"30° 04' 34.70"" S","51° 10' 01.70"" W",Mobile-1
"28° 22' 05.99"" S","53° 15' 11.99"" W",Mobile-1
"29° 58' 33.10"" S","51° 11' 37.30"" W",Mobile-1
"29° 43' 58.98"" S","50° 51' 13.00"" W",Mobile-1
"30° 01' 21.90"" S","51° 09' 24.20"" W",Mobile-1
"29° 08' 51.00"" S","51° 08' 34.00"" W",Mobile-1
"29° 05' 19.00"" S","53° 12' 34.99"" W",Mobile-1
"28° 36' 17.40"" S","53° 20' 08.20"" W",Mobile-1
"31° 20' 02.98"" S","54° 07' 03.00"" W",Mobile-1
"30° 00' 40.01"" S","51° 09' 50.90"" W",Mobile-1
"29° 43' 22.98"" S","52° 23' 37.97"" W",Mobile-1
"29° 43' 03.07"" S","52° 25' 50.99"" W",Mobile-1
"29° 09' 09.97"" S","51° 12' 01.98"" W",Mobile-1
"29° 26' 42.00"" S","51° 57' 33.98"" W",Mobile-1
"29° 53' 00.60"" S","51° 05' 59.90"" W",Mobile-1
"27° 56' 26.99"" S","52° 55' 35.98"" W",Mobile-1
"28° 49' 45.98"" S","52° 30' 41.98"" W",Mobile-1
"30° 06' 44.10"" S","51° 15' 18.90"" W",Mobile-1
"28° 24' 18.00"" S","53° 05' 28.00"" W",Mobile-1
"29° 20' 59.70"" S","52° 58' 48.66"" W",Mobile-1
"28° 31' 53.20"" S","51° 53' 59.40"" W",Mobile-1
"30° 02' 15.80"" S","51° 13' 19.70"" W",Mobile-1
"27° 27' 22.00"" S","52° 05' 24.97"" W",Mobile-1
"27° 29' 52.98"" S","53° 23' 28.00"" W",Mobile-1
"30° 10' 10.99"" S","53° 34' 14.99"" W",Mobile-1
"30° 02' 43.50"" S","51° 13' 54.70"" W",Mobile-1
"28° 37' 31.22"" S","52° 57' 11.74"" W",Mobile-1
"30° 09' 57.80"" S","53° 33' 50.60"" W",Mobile-1
"29° 06' 49.20"" S","51° 07' 10.40"" W",Mobile-1
"30° 38' 03.00"" S","51° 33' 21.00"" W",Mobile-1
"30° 04' 53.26"" S","51° 02' 15.65"" W",Mobile-1
"31° 31' 10.99"" S","53° 30' 45.00"" W",Mobile-1
"29° 34' 32.99"" S","55° 06' 54.97"" W",Mobile-1
"29° 33' 00.00"" S","55° 07' 41.99"" W",Mobile-1
"29° 40' 25.73"" S","53° 49' 15.65"" W",Mobile-1
"31° 41' 01.97"" S","52° 20' 40.38"" W",Mobile-1
"28° 42' 32.98"" S","51° 55' 54.98"" W",Mobile-1
"29° 27' 29.10"" S","50° 34' 46.30"" W",Mobile-1
"30° 00' 03.30"" S","50° 08' 28.30"" W",Mobile-1
"30° 20' 16.98"" S","54° 19' 16.97"" W",Mobile-1
"30° 20' 22.10"" S","54° 19' 08.40"" W",Mobile-1
"29° 20' 47.98"" S","52° 56' 16.98"" W",Mobile-1
"30° 08' 50.40"" S","51° 08' 02.45"" W",Mobile-1
"29° 59' 38.90"" S","51° 05' 48.00"" W",Mobile-1
"29° 29' 03.40"" S","50° 52' 07.80"" W",Mobile-1
"29° 06' 24.98"" S","51° 11' 13.99"" W",Mobile-1
"30° 00' 28.00"" S","51° 09' 36.40"" W",Mobile-1
"29° 56' 08.66"" S","51° 04' 49.33"" W",Mobile-1
"30° 01' 25.97"" S","52° 54' 36.97"" W",Mobile-1
"29° 26' 40.99"" S","53° 01' 52.00"" W",Mobile-1
"31° 45' 40.40"" S","52° 19' 06.20"" W",Mobile-1
"28° 24' 25.88"" S","54° 57' 20.09"" W",Mobile-1
"30° 53' 46.00"" S","55° 31' 54.98"" W",Mobile-1
"30° 02' 22.20"" S","51° 13' 29.40"" W",Mobile-1
"27° 42' 28.98"" S","53° 57' 41.98"" W",Mobile-1
"30° 52' 50.99"" S","50° 42' 47.99"" W",Mobile-1
"29° 33' 41.98"" S","52° 27' 31.00"" W",Mobile-1
"30° 19' 51.89"" S","54° 18' 53.10"" W",Mobile-1
"28° 39' 40.50"" S","56° 00' 21.38"" W",Mobile-1
"28° 37' 26.69"" S","56° 01' 37.27"" W",Mobile-1
"29° 09' 09.07"" S","51° 11' 08.88"" W",Mobile-1
"28° 31' 19.60"" S","51° 42' 16.60"" W",Mobile-1
"29° 02' 16.98"" S","52° 17' 37.00"" W",Mobile-1
"27° 46' 01.10"" S","53° 04' 42.10"" W",Mobile-1
"29° 57' 23.98"" S","51° 43' 26.98"" W",Mobile-1
"30° 02' 34.22"" S","51° 11' 20.00"" W",Mobile-1
"31° 18' 25.99"" S","52° 09' 20.99"" W",Mobile-1
"29° 36' 22.79"" S","51° 27' 52.60"" W",Mobile-1
"29° 11' 01.97"" S","51° 11' 10.00"" W",Mobile-1
"30° 02' 49.50"" S","51° 12' 23.70"" W",Mobile-1
"29° 45' 51.08"" S","51° 08' 51.18"" W",Mobile-1
"29° 47' 24.90"" S","51° 07' 55.74"" W",Mobile-1
"28° 23' 54.60"" S","54° 58' 15.38"" W",Mobile-1
"30° 53' 31.99"" S","55° 32' 24.97"" W",Mobile-1
"31° 22' 01.99"" S","51° 58' 45.98"" W",Mobile-1
"30° 54' 08.17"" S","55° 30' 32.98"" W",Mobile-1
"29° 18' 49.97"" S","51° 27' 00.00"" W",Mobile-1
"30° 05' 33.76"" S","51° 03' 49.00"" W",Mobile-1
"29° 41' 52.98"" S","53° 47' 49.99"" W",Mobile-1
"29° 41' 04.99"" S","53° 48' 29.99"" W",Mobile-1
"28° 58' 18.98"" S","51° 03' 51.98"" W",Mobile-1
"29° 43' 39.00"" S","53° 22' 13.98"" W",Mobile-1
"28° 31' 02.17"" S","55° 14' 03.19"" W",Mobile-1
"29° 45' 52.40"" S","57° 05' 00.80"" W",Mobile-1
"29° 08' 51.00"" S","51° 13' 05.99"" W",Mobile-1
"30° 20' 25.98"" S","54° 04' 49.98"" W",Mobile-1
"29° 31' 48.70"" S","53° 51' 23.90"" W",Mobile-1
"30° 06' 12.00"" S","51° 14' 46.40"" W",Mobile-1
"28° 10' 58.98"" S","55° 15' 50.98"" W",Mobile-1
"27° 56' 56.30"" S","51° 48' 41.20"" W",Mobile-1
"29° 41' 05.10"" S","51° 08' 00.28"" W",Mobile-1
"29° 41' 05.10"" S","51° 08' 00.28"" W",Mobile-1
"29° 10' 16.40"" S","51° 11' 28.10"" W",Mobile-1
"29° 31' 10.50"" S","51° 56' 12.20"" W",Mobile-1
"30° 02' 51.00"" S","51° 18' 50.98"" W",Mobile-1
"30° 06' 23.22"" S","51° 15' 00.94"" W",Mobile-1
"27° 37' 50.90"" S","53° 57' 19.30"" W",Mobile-1
"29° 25' 18.98"" S","53° 01' 43.39"" W",Mobile-1
"29° 53' 04.76"" S","51° 10' 35.98"" W",Mobile-1
"29° 57' 19.70"" S","50° 06' 59.10"" W",Mobile-1
"29° 49' 07.97"" S","50° 31' 16.97"" W",Mobile-1
"29° 54' 13.03"" S","51° 12' 35.86"" W",Mobile-1
"27° 45' 31.97"" S","51° 35' 01.97"" W",Mobile-1
"28° 07' 27.70"" S","54° 52' 20.30"" W",Mobile-1
"29° 49' 43.14"" S","51° 09' 15.01"" W",Mobile-1
"29° 38' 25.19"" S","54° 11' 20.98"" W",Mobile-1
"30° 00' 42.30"" S","51° 10' 09.70"" W",Mobile-1
"29° 38' 16.19"" S","51° 00' 18.40"" W",Mobile-1
"29° 38' 29.98"" S","51° 00' 43.99"" W",Mobile-1
"28° 23' 26.99"" S","52° 41' 19.00"" W",Mobile-1
"28° 02' 06.00"" S","54° 56' 19.00"" W",Mobile-1
"29° 38' 23.57"" S","53° 46' 03.47"" W",Mobile-1
"29° 42' 01.48"" S","51° 29' 11.19"" W",Mobile-1
"29° 37' 04.00"" S","54° 10' 38.00"" W",Mobile-1
"29° 50' 41.96"" S","51° 06' 29.45"" W",Mobile-1
"29° 48' 06.90"" S","55° 44' 53.70"" W",Mobile-1
"29° 10' 04.98"" S","51° 10' 57.97"" W",Mobile-1
"29° 29' 47.98"" S","50° 59' 20.98"" W",Mobile-1
"29° 35' 36.10"" S","50° 48' 13.20"" W",Mobile-1
"27° 59' 11.98"" S","52° 54' 04.00"" W",Mobile-1
"29° 20' 40.99"" S","50° 47' 39.98"" W",Mobile-1
"27° 51' 59.75"" S","54° 28' 44.10"" W",Mobile-1
"29° 32' 04.99"" S","56° 44' 17.99"" W",Mobile-1
"29° 13' 05.00"" S","51° 20' 32.00"" W",Mobile-1
"32° 01' 39.20"" S","53° 23' 21.90"" W",Mobile-1
"30° 04' 10.60"" S","51° 12' 46.90"" W",Mobile-1
"30° 02' 25.70"" S","51° 06' 15.50"" W",Mobile-1
"30° 27' 09.47"" S","51° 36' 11.09"" W",Mobile-1
"29° 59' 09.10"" S","51° 07' 06.00"" W",Mobile-1
"29° 17' 35.45"" S","51° 34' 56.17"" W",Mobile-1
"28° 01' 53.90"" S","54° 31' 59.90"" W",Mobile-1
"30° 02' 34.59"" S","51° 18' 24.72"" W",Mobile-1
"32° 01' 00.60"" S","52° 02' 25.30"" W",Mobile-1
"30° 29' 10.28"" S","51° 30' 14.18"" W",Mobile-1
"30° 00' 03.60"" S","51° 09' 35.40"" W",Mobile-1
"27° 49' 16.80"" S","54° 40' 02.60"" W",Mobile-1
"30° 01' 57.97"" S","51° 03' 20.99"" W",Mobile-1
"30° 05' 58.20"" S","51° 10' 53.10"" W",Mobile-1
"29° 58' 11.57"" S","51° 43' 14.48"" W",Mobile-1
"29° 10' 40.98"" S","54° 52' 46.99"" W",Mobile-1
"29° 11' 20.98"" S","54° 52' 05.99"" W",Mobile-1
"29° 54' 08.10"" S","50° 05' 29.29"" W",Mobile-1
"28° 07' 11.21"" S","54° 27' 52.83"" W",Mobile-1
"30° 03' 24.60"" S","51° 10' 47.10"" W",Mobile-1
"27° 59' 19.00"" S","52° 15' 29.99"" W",Mobile-1
"31° 43' 11.60"" S","52° 20' 33.30"" W",Mobile-1
"29° 53' 52.00"" S","50° 16' 01.60"" W",Mobile-1
"29° 31' 52.00"" S","52° 31' 26.00"" W",Mobile-1
"27° 51' 13.97"" S","53° 46' 31.98"" W",Mobile-1
"32° 06' 56.99"" S","52° 07' 21.00"" W",Mobile-1
"30° 38' 31.00"" S","54° 22' 33.00"" W",Mobile-1
"27° 57' 11.99"" S","51° 47' 29.98"" W",Mobile-1
"30° 08' 52.98"" S","50° 14' 52.98"" W",Mobile-1
"27° 33' 13.00"" S","52° 31' 23.99"" W",Mobile-1
"29° 41' 42.00"" S","54° 40' 43.97"" W",Mobile-1
"29° 26' 01.00"" S","51° 30' 40.00"" W",Mobile-1
"29° 21' 45.00"" S","51° 23' 19.97"" W",Mobile-1
"27° 33' 05.98"" S","52° 31' 37.99"" W",Mobile-1
"29° 39' 04.00"" S","53° 34' 48.00"" W",Mobile-1
"27° 47' 20.10"" S","53° 56' 10.00"" W",Mobile-1
"33° 31' 21.00"" S","53° 22' 22.98"" W",Mobile-1
"33° 32' 28.00"" S","53° 22' 11.89"" W",Mobile-1
"29° 10' 02.10"" S","51° 12' 12.78"" W",Mobile-1
"28° 32' 28.00"" S","54° 32' 42.00"" W",Mobile-1
"27° 55' 36.50"" S","51° 32' 19.10"" W",Mobile-1
"28° 14' 31.50"" S","52° 22' 55.10"" W",Mobile-1
"30° 03' 28.60"" S","51° 10' 20.80"" W",Mobile-1
"30° 08' 49.50"" S","51° 12' 13.20"" W",Mobile-1
"29° 38' 51.00"" S","51° 08' 15.50"" W",Mobile-1
"30° 01' 37.30"" S","51° 11' 11.40"" W",Mobile-1
"29° 51' 24.00"" S","51° 16' 26.00"" W",Mobile-1
"31° 46' 32.40"" S","52° 20' 39.70"" W",Mobile-1
"29° 10' 06.20"" S","51° 09' 14.90"" W",Mobile-1
"29° 09' 41.80"" S","51° 10' 15.90"" W",Mobile-1
"29° 41' 05.00"" S","53° 48' 30.01"" W",Mobile-1
"29° 41' 55.28"" S","51° 40' 24.38"" W",Mobile-1
"29° 34' 50.99"" S","50° 03' 55.98"" W",Mobile-1
"32° 32' 28.00"" S","52° 32' 44.30"" W",Mobile-1
"28° 37' 57.97"" S","52° 51' 49.97"" W",Mobile-1
"30° 03' 18.60"" S","51° 00' 32.50"" W",Mobile-1
"29° 30' 24.98"" S","50° 05' 19.97"" W",Mobile-1
"31° 17' 15.80"" S","51° 05' 21.00"" W",Mobile-1
"30° 02' 31.30"" S","51° 09' 26.30"" W",Mobile-1
"30° 52' 12.70"" S","55° 29' 11.20"" W",Mobile-1
"29° 43' 32.74"" S","51° 15' 44.20"" W",Mobile-1
"27° 52' 11.90"" S","54° 29' 37.20"" W",Mobile-1
"29° 27' 09.00"" S","49° 54' 36.00"" W",Mobile-1
"31° 11' 11.20"" S","54° 19' 11.70"" W",Mobile-1
"29° 49' 54.98"" S","51° 01' 31.98"" W",Mobile-1
"29° 58' 37.59"" S","52° 21' 59.76"" W",Mobile-1
"27° 31' 05.99"" S","52° 53' 47.98"" W",Mobile-1
"27° 39' 36.97"" S","54° 26' 29.98"" W",Mobile-1
"29° 20' 10.50"" S","49° 43' 44.47"" W",Mobile-1
"30° 59' 28.00"" S","54° 34' 39.97"" W",Mobile-1
"27° 27' 22.97"" S","53° 55' 31.98"" W",Mobile-1
"29° 08' 54.30"" S","51° 44' 13.30"" W",Mobile-1
"29° 20' 41.78"" S","49° 43' 41.88"" W",Mobile-1
"29° 56' 14.60"" S","51° 43' 14.70"" W",Mobile-1
"30° 06' 24.40"" S","51° 13' 58.70"" W",Mobile-1
"29° 15' 54.50"" S","51° 31' 04.70"" W",Mobile-1
"30° 01' 14.11"" S","51° 10' 25.44"" W",Mobile-1
"31° 46' 18.50"" S","52° 20' 18.50"" W",Mobile-1
"29° 15' 31.30"" S","51° 30' 22.90"" W",Mobile-1
"29° 05' 21.98"" S","53° 39' 14.98"" W",Mobile-1
"27° 23' 53.99"" S","54° 05' 06.97"" W",Mobile-1
"28° 03' 47.00"" S","52° 00' 05.00"" W",Mobile-1
"28° 04' 43.97"" S","52° 01' 48.00"" W",Mobile-1
"29° 59' 17.70"" S","51° 07' 58.30"" W",Mobile-1
"27° 46' 48.00"" S","54° 14' 04.99"" W",Mobile-1
"27° 46' 19.00"" S","54° 14' 08.00"" W",Mobile-1
"30° 00' 55.40"" S","51° 10' 54.60"" W",Mobile-1
"31° 04' 50.99"" S","53° 40' 04.98"" W",Mobile-1
"27° 48' 23.00"" S","52° 15' 14.80"" W",Mobile-1
"30° 06' 49.50"" S","51° 04' 25.40"" W",Mobile-1
"29° 28' 46.99"" S","51° 24' 45.97"" W",Mobile-1
"29° 04' 54.98"" S","53° 50' 10.97"" W",Mobile-1
"29° 51' 31.20"" S","51° 09' 25.40"" W",Mobile-1
"27° 36' 53.68"" S","52° 50' 40.38"" W",Mobile-1
"29° 49' 59.98"" S","51° 09' 34.94"" W",Mobile-1
"29° 13' 39.10"" S","56° 21' 23.70"" W",Mobile-1
"30° 40' 18.98"" S","51° 23' 46.97"" W",Mobile-1
"29° 38' 20.80"" S","50° 46' 45.40"" W",Mobile-1
"31° 01' 16.50"" S","54° 11' 12.00"" W",Mobile-1
"31° 06' 33.56"" S","53° 45' 59.63"" W",Mobile-1
"29° 59' 34.98"" S","50° 08' 21.98"" W",Mobile-1
"29° 59' 33.00"" S","50° 07' 56.00"" W",Mobile-1
"30° 01' 59.00"" S","51° 13' 52.40"" W",Mobile-1
"29° 55' 52.97"" S","51° 42' 26.39"" W",Mobile-1
"29° 59' 04.99"" S","50° 08' 11.98"" W",Mobile-1
"30° 02' 20.30"" S","51° 11' 51.80"" W",Mobile-1
"30° 07' 36.60"" S","51° 12' 21.50"" W",Mobile-1
"29° 18' 07.00"" S","52° 02' 53.00"" W",Mobile-1
"29° 11' 44.45"" S","51° 10' 44.42"" W",Mobile-1
"29° 30' 53.70"" S","50° 46' 47.29"" W",Mobile-1
"30° 01' 40.60"" S","50° 08' 59.40"" W",Mobile-1
"29° 27' 14.10"" S","51° 48' 10.40"" W",Mobile-1
"27° 22' 21.00"" S","53° 45' 13.00"" W",Mobile-1
"29° 39' 26.40"" S","50° 46' 19.60"" W",Mobile-1
"27° 45' 22.00"" S","54° 28' 57.00"" W",Mobile-1
"29° 47' 42.00"" S","51° 51' 55.98"" W",Mobile-1
"31° 25' 04.98"" S","52° 10' 35.98"" W",Mobile-1
"30° 11' 46.00"" S","50° 21' 23.98"" W",Mobile-1
"28° 57' 19.98"" S","51° 10' 30.97"" W",Mobile-1
"27° 38' 39.90"" S","52° 17' 46.00"" W",Mobile-1
"29° 59' 02.98"" S","50° 07' 41.99"" W",Mobile-1
"30° 01' 51.95"" S","52° 54' 26.69"" W",Mobile-1
"31° 46' 25.07"" S","52° 20' 30.59"" W",Mobile-1
"30° 53' 23.60"" S","55° 31' 56.60"" W",Mobile-1
"31° 47' 54.20"" S","52° 24' 26.70"" W",Mobile-1
"29° 45' 31.00"" S","57° 04' 12.97"" W",Mobile-1
"29° 45' 01.98"" S","57° 05' 17.99"" W",Mobile-1
"30° 06' 27.36"" S","51° 13' 12.72"" W",Mobile-1
"30° 00' 23.80"" S","51° 11' 13.40"" W",Mobile-1
"29° 52' 53.15"" S","51° 09' 28.73"" W",Mobile-1
"30° 00' 01.08"" S","51° 01' 59.09"" W",Mobile-1
"29° 42' 05.50"" S","52° 26' 06.90"" W",Mobile-1
"29° 03' 04.00"" S","55° 08' 39.98"" W",Mobile-1
"30° 02' 13.40"" S","51° 11' 48.70"" W",Mobile-1
"29° 47' 19.00"" S","51° 09' 17.82"" W",Mobile-1
"29° 08' 40.00"" S","51° 31' 09.00"" W",Mobile-1
"28° 14' 32.89"" S","52° 22' 52.50"" W",Mobile-1
"30° 02' 37.00"" S","51° 13' 32.30"" W",Mobile-1
"30° 52' 57.60"" S","55° 30' 46.00"" W",Mobile-1
"27° 21' 30.80"" S","53° 24' 13.60"" W",Mobile-1
"27° 49' 12.68"" S","51° 49' 33.78"" W",Mobile-1
"29° 45' 27.69"" S","57° 05' 13.43"" W",Mobile-1
"28° 44' 18.90"" S","52° 00' 14.40"" W",Mobile-1
"28° 30' 13.97"" S","50° 56' 08.99"" W",Mobile-1
"28° 31' 19.88"" S","50° 55' 24.60"" W",Mobile-1
"29° 25' 48.97"" S","50° 51' 11.99"" W",Mobile-1
"29° 36' 33.98"" S","52° 11' 34.98"" W",Mobile-1
"29° 27' 50.58"" S","53° 41' 21.30"" W",Mobile-1
"29° 37' 18.98"" S","52° 11' 25.98"" W",Mobile-1
"30° 04' 51.13"" S","51° 01' 32.05"" W",Mobile-1
"30° 05' 19.82"" S","51° 05' 13.20"" W",Mobile-1
"30° 06' 50.30"" S","51° 15' 18.50"" W",Mobile-1
"28° 55' 52.30"" S","51° 32' 32.20"" W",Mobile-1
"30° 01' 39.10"" S","51° 11' 40.10"" W",Mobile-1
"29° 42' 32.72"" S","51° 11' 15.50"" W",Mobile-1
"30° 08' 34.95"" S","51° 10' 15.28"" W",Mobile-1
"29° 56' 04.27"" S","51° 02' 45.17"" W",Mobile-1
"30° 00' 28.56"" S","51° 05' 00.13"" W",Mobile-1
"29° 13' 13.98"" S","50° 26' 47.98"" W",Mobile-1
"29° 46' 20.06"" S","51° 09' 56.00"" W",Mobile-1
"29° 41' 00.19"" S","51° 02' 21.02"" W",Mobile-1
"29° 57' 14.01"" S","51° 35' 53.30"" W",Mobile-1
"27° 38' 51.97"" S","54° 35' 37.97"" W",Mobile-1
"30° 00' 51.10"" S","51° 15' 33.90"" W",Mobile-1
"29° 56' 29.44"" S","51° 05' 54.13"" W",Mobile-1
"29° 42' 18.97"" S","52° 30' 36.97"" W",Mobile-1
"29° 01' 26.50"" S","51° 10' 42.00"" W",Mobile-1
"30° 01' 55.47"" S","51° 11' 53.43"" W",Mobile-1
"27° 34' 30.00"" S","52° 01' 19.99"" W",Mobile-1
"30° 38' 56.40"" S","51° 10' 39.62"" W",Mobile-1
"28° 15' 22.39"" S","52° 24' 46.30"" W",Mobile-1
"29° 52' 16.00"" S","56° 50' 46.97"" W",Mobile-1
"28° 56' 47.98"" S","51° 33' 09.00"" W",Mobile-1
"30° 01' 47.79"" S","51° 13' 38.17"" W",Mobile-1
"29° 42' 54.97"" S","52° 30' 00.00"" W",Mobile-1
"30° 01' 47.31"" S","51° 12' 04.23"" W",Mobile-1
"28° 51' 11.09"" S","51° 33' 17.28"" W",Mobile-1
"30° 02' 58.10"" S","52° 53' 05.90"" W",Mobile-1
"27° 16' 53.70"" S","53° 42' 11.30"" W",Mobile-1
"28° 12' 35.50"" S","51° 32' 16.40"" W",Mobile-1
"29° 41' 14.20"" S","51° 03' 40.40"" W",Mobile-1
"30° 03' 02.00"" S","51° 13' 44.00"" W",Mobile-1
"27° 23' 28.97"" S","53° 28' 31.98"" W",Mobile-1
"29° 57' 32.87"" S","51° 06' 06.23"" W",Mobile-1
"29° 37' 46.99"" S","51° 18' 15.98"" W",Mobile-1
"27° 10' 28.99"" S","53° 23' 53.99"" W",Mobile-1
"29° 11' 24.00"" S","51° 35' 02.98"" W",Mobile-1
"30° 51' 15.98"" S","51° 48' 45.47"" W",Mobile-1
"29° 47' 24.10"" S","55° 47' 58.70"" W",Mobile-1
"31° 27' 22.00"" S","53° 39' 59.98"" W",Mobile-1
"28° 48' 26.00"" S","51° 47' 21.60"" W",Mobile-1
"29° 25' 30.70"" S","50° 51' 45.40"" W",Mobile-1
"28° 29' 04.70"" S","50° 56' 29.93"" W",Mobile-1
"30° 05' 08.01"" S","51° 14' 47.00"" W",Mobile-1
"30° 07' 44.04"" S","51° 20' 10.14"" W",Mobile-1
"30° 01' 45.00"" S","51° 10' 54.00"" W",Mobile-1
"30° 58' 22.98"" S","54° 39' 49.00"" W",Mobile-1
"30° 15' 05.50"" S","54° 56' 16.10"" W",Mobile-1
"28° 13' 36.77"" S","52° 30' 48.49"" W",Mobile-1
"29° 25' 24.50"" S","51° 16' 25.00"" W",Mobile-1
"28° 17' 16.00"" S","52° 21' 40.00"" W",Mobile-1
"29° 59' 40.90"" S","51° 03' 51.00"" W",Mobile-1
"29° 14' 09.30"" S","53° 40' 02.40"" W",Mobile-1
"28° 03' 12.38"" S","54° 21' 39.49"" W",Mobile-1
"29° 55' 00.58"" S","50° 54' 02.96"" W",Mobile-1
"28° 32' 31.99"" S","52° 09' 09.00"" W",Mobile-1
"30° 01' 31.07"" S","51° 09' 44.87"" W",Mobile-1
"28° 54' 04.00"" S","51° 33' 10.98"" W",Mobile-1
"29° 21' 51.10"" S","51° 55' 28.60"" W",Mobile-1
"30° 20' 16.98"" S","53° 53' 24.97"" W",Mobile-1
"29° 13' 58.80"" S","51° 20' 24.40"" W",Mobile-1
"28° 15' 45.90"" S","52° 24' 44.17"" W",Mobile-1
"30° 03' 29.07"" S","51° 09' 30.28"" W",Mobile-1
"29° 49' 46.99"" S","50° 36' 01.98"" W",Mobile-1
"31° 38' 44.20"" S","52° 20' 05.70"" W",Mobile-1
"29° 10' 26.40"" S","51° 26' 47.80"" W",Mobile-1
"30° 15' 55.00"" S","51° 23' 51.70"" W",Mobile-1
"29° 24' 36.00"" S","50° 53' 06.00"" W",Mobile-1
"29° 41' 26.99"" S","53° 51' 27.00"" W",Mobile-1
"28° 14' 54.00"" S","52° 22' 54.80"" W",Mobile-1
"30° 02' 40.05"" S","51° 12' 16.88"" W",Mobile-1
"29° 40' 54.05"" S","51° 08' 11.87"" W",Mobile-1
"30° 50' 48.59"" S","51° 47' 39.48"" W",Mobile-1
"29° 36' 29.09"" S","52° 40' 59.77"" W",Mobile-1
"29° 04' 10.99"" S","50° 58' 39.00"" W",Mobile-1
"30° 04' 48.02"" S","51° 13' 13.08"" W",Mobile-1
"29° 43' 48.86"" S","51° 09' 14.08"" W",Mobile-1
"30° 04' 15.28"" S","51° 06' 18.83"" W",Mobile-1
"29° 18' 36.00"" S","49° 46' 16.97"" W",Mobile-1
"32° 09' 58.21"" S","52° 10' 08.61"" W",Mobile-1
"29° 38' 33.00"" S","52° 39' 15.98"" W",Mobile-1
"29° 03' 09.00"" S","51° 50' 55.00"" W",Mobile-1
"30° 14' 49.20"" S","51° 08' 28.00"" W",Mobile-1
"29° 21' 36.00"" S","50° 50' 53.99"" W",Mobile-1
"28° 33' 45.00"" S","52° 44' 15.97"" W",Mobile-1
"30° 16' 49.00"" S","51° 01' 10.60"" W",Mobile-1
"29° 03' 11.60"" S","51° 46' 18.30"" W",Mobile-1
"30° 07' 06.80"" S","51° 01' 50.70"" W",Mobile-1
"30° 01' 30.70"" S","51° 09' 43.20"" W",Mobile-1
"27° 53' 31.90"" S","53° 18' 17.80"" W",Mobile-1
"29° 55' 33.74"" S","51° 04' 41.11"" W",Mobile-1
"30° 20' 28.30"" S","54° 19' 56.60"" W",Mobile-1
"27° 53' 38.40"" S","53° 17' 47.60"" W",Mobile-1
"29° 57' 18.80"" S","51° 06' 25.10"" W",Mobile-1
"27° 54' 38.11"" S","53° 18' 40.02"" W",Mobile-1
"32° 19' 09.98"" S","53° 09' 51.98"" W",Mobile-1
"30° 42' 41.98"" S","53° 13' 28.99"" W",Mobile-1
"29° 50' 46.85"" S","51° 08' 27.82"" W",Mobile-1
"29° 33' 01.05"" S","49° 53' 23.57"" W",Mobile-1
"32° 10' 38.60"" S","52° 09' 06.20"" W",Mobile-1
"29° 45' 31.00"" S","50° 01' 06.85"" W",Mobile-1
"27° 23' 21.86"" S","52° 34' 21.86"" W",Mobile-1
"28° 28' 39.02"" S","52° 48' 19.20"" W",Mobile-1
"30° 11' 05.90"" S","51° 08' 19.00"" W",Mobile-1
"30° 01' 24.98"" S","51° 11' 02.21"" W",Mobile-1
"27° 50' 39.59"" S","54° 28' 48.60"" W",Mobile-1
"29° 23' 12.97"" S","50° 52' 24.06"" W",Mobile-1
"28° 18' 16.40"" S","52° 46' 54.30"" W",Mobile-1
"29° 20' 53.59"" S","49° 44' 19.71"" W",Mobile-1
"30° 02' 52.26"" S","50° 09' 23.43"" W",Mobile-1
"29° 46' 04.68"" S","50° 02' 15.45"" W",Mobile-1
"30° 03' 06.01"" S","51° 09' 31.00"" W",Mobile-1
"30° 13' 42.80"" S","51° 03' 20.60"" W",Mobile-1
"29° 47' 21.98"" S","50° 02' 01.00"" W",Mobile-1
"29° 48' 25.00"" S","50° 02' 23.00"" W",Mobile-1
"29° 38' 25.00"" S","54° 23' 03.00"" W",Mobile-1
"29° 47' 55.39"" S","50° 02' 22.60"" W",Mobile-1
"29° 49' 30.00"" S","50° 03' 06.00"" W",Mobile-1
"30° 06' 24.30"" S","51° 06' 27.20"" W",Mobile-1
"30° 06' 47.00"" S","51° 14' 39.08"" W",Mobile-1
"29° 42' 56.05"" S","51° 29' 15.32"" W",Mobile-1